Rk,Squad,Home_MP,Home_W,Home_D,Home_L,Home_GF,Home_GA,Home_GD,Home_Pts,Home_Pts/MP,Home_xG,Home_xGA,Home_xGD,Home_xGD/90,Away_MP,Away_W,Away_D,Away_L,Away_GF,Away_GA,Away_GD,Away_Pts,Away_Pts/MP,Away_xG,Away_xGA,Away_xGD,Away_xGD/90,Season
1,Arsenal,13,10,2,1,34.0,16.0,18.0,32,2.46,29.5,13.5,16.0,1.23,14,11,1,2,28.0,9.0,19.0,34,2.43,22.7,12.8,9.9,0.71,2022-2023
2,Manchester City,13,11,1,1,43.0,13.0,30.0,34,2.62,29.7,7.8,21.8,1.68,14,8,3,3,24.0,12.0,12.0,27,1.93,26.4,13.7,12.7,0.91,2022-2023
3,Manchester Utd,13,9,3,1,24.0,8.0,16.0,30,2.31,23.9,13.1,10.8,0.83,13,6,2,5,17.0,27.0,-10.0,20,1.54,16.9,19.5,-2.7,-0.21,2022-2023
4,Tottenham,14,10,0,4,29.0,16.0,13.0,30,2.14,23.1,14.2,8.9,0.64,14,5,4,5,23.0,24.0,-1.0,19,1.36,17.9,19.5,-1.7,-0.12,2022-2023
5,Newcastle Utd,13,7,5,1,21.0,9.0,12.0,26,2.0,24.6,11.5,13.1,1.01,13,5,6,2,18.0,10.0,8.0,21,1.62,17.1,13.4,3.7,0.29,2022-2023
6,Liverpool,13,9,3,1,34.0,9.0,25.0,30,2.31,26.9,13.5,13.4,1.03,13,3,3,7,13.0,20.0,-7.0,12,0.92,20.5,21.2,-0.6,-0.05,2022-2023
7,Brighton,13,7,2,4,22.0,11.0,11.0,23,1.77,23.1,14.2,9.0,0.69,12,5,4,3,24.0,20.0,4.0,19,1.58,19.6,14.7,4.9,0.41,2022-2023
8,Brentford,14,7,6,1,28.0,14.0,14.0,27,1.93,21.7,16.7,5.0,0.36,13,3,6,4,15.0,20.0,-5.0,15,1.15,17.5,16.6,0.9,0.07,2022-2023
9,Fulham,14,6,4,4,21.0,20.0,1.0,22,1.57,18.5,21.0,-2.5,-0.18,13,5,2,6,17.0,17.0,0.0,17,1.31,15.1,23.9,-8.8,-0.68,2022-2023
10,Chelsea,13,6,4,3,16.0,10.0,6.0,22,1.69,17.9,15.5,2.4,0.18,14,4,4,6,13.0,18.0,-5.0,16,1.14,15.7,19.0,-3.2,-0.23,2022-2023
11,Aston Villa,14,7,2,5,23.0,19.0,4.0,23,1.64,20.7,19.4,1.3,0.09,13,4,3,6,12.0,20.0,-8.0,15,1.15,14.0,20.8,-6.7,-0.52,2022-2023
12,Crystal Palace,14,4,5,5,12.0,18.0,-6.0,17,1.21,12.4,20.1,-7.7,-0.55,13,2,4,7,9.0,16.0,-7.0,10,0.77,11.6,17.7,-6.1,-0.47,2022-2023
13,Wolves,14,5,2,7,12.0,19.0,-7.0,17,1.21,16.2,20.0,-3.8,-0.27,14,2,4,8,10.0,22.0,-12.0,10,0.71,12.8,20.4,-7.6,-0.54,2022-2023
14,Leeds United,13,4,5,4,18.0,18.0,0.0,17,1.31,16.1,19.6,-3.5,-0.27,14,2,3,9,17.0,26.0,-9.0,9,0.64,17.7,22.4,-4.6,-0.33,2022-2023
15,Everton,14,5,2,7,12.0,16.0,-4.0,17,1.21,17.6,19.8,-2.2,-0.16,14,1,6,7,10.0,24.0,-14.0,9,0.64,13.2,27.0,-13.9,-0.99,2022-2023
16,Nott'ham Forest,14,5,5,4,18.0,17.0,1.0,20,1.43,16.5,20.5,-4.0,-0.28,13,1,3,9,4.0,32.0,-28.0,6,0.46,11.7,23.6,-11.9,-0.91,2022-2023
17,Leicester City,13,3,3,7,16.0,17.0,-1.0,12,0.92,12.7,15.9,-3.2,-0.25,14,4,1,9,22.0,30.0,-8.0,13,0.93,21.6,27.8,-6.2,-0.45,2022-2023
18,West Ham,13,5,3,5,17.0,14.0,3.0,18,1.38,19.0,14.3,4.6,0.36,13,1,3,9,7.0,20.0,-13.0,6,0.46,14.5,17.1,-2.5,-0.19,2022-2023
19,Bournemouth,13,4,4,5,13.0,16.0,-3.0,16,1.23,12.0,18.1,-6.1,-0.47,14,2,2,10,12.0,38.0,-26.0,8,0.57,10.6,29.0,-18.4,-1.31,2022-2023
20,Southampton,14,2,4,8,14.0,24.0,-10.0,10,0.71,16.6,19.7,-3.1,-0.22,14,4,1,9,9.0,22.0,-13.0,13,0.93,11.1,18.8,-7.7,-0.55,2022-2023
1,Manchester City,19,15,2,2,58.0,15.0,43.0,47,2.47,45.6,11.4,34.2,1.8,19,14,4,1,41.0,11.0,30.0,46,2.42,43.1,13.2,29.8,1.57,2021-2022
2,Liverpool,19,15,4,0,49.0,9.0,40.0,49,2.58,48.9,12.8,36.1,1.9,19,13,4,2,45.0,17.0,28.0,43,2.26,39.8,20.9,18.8,0.99,2021-2022
3,Chelsea,19,9,7,3,37.0,22.0,15.0,34,1.79,33.2,18.2,15.1,0.79,19,12,4,3,39.0,11.0,28.0,40,2.11,30.1,15.1,15.0,0.79,2021-2022
4,Tottenham,19,13,1,5,38.0,19.0,19.0,40,2.11,33.6,18.7,14.8,0.78,19,9,4,6,31.0,21.0,10.0,31,1.63,27.7,20.6,7.1,0.37,2021-2022
5,Arsenal,19,13,2,4,35.0,17.0,18.0,41,2.16,37.4,17.7,19.7,1.03,19,9,1,9,26.0,31.0,-5.0,28,1.47,23.2,27.9,-4.8,-0.25,2021-2022
6,Manchester Utd,19,10,5,4,32.0,22.0,10.0,35,1.84,30.6,20.8,9.9,0.52,19,6,5,8,25.0,35.0,-10.0,23,1.21,25.1,32.2,-7.1,-0.37,2021-2022
7,West Ham,19,9,5,5,33.0,26.0,7.0,32,1.68,28.0,21.6,6.4,0.34,19,7,3,9,27.0,25.0,2.0,24,1.26,23.4,31.9,-8.5,-0.45,2021-2022
8,Leicester City,19,10,4,5,34.0,23.0,11.0,34,1.79,26.1,28.4,-2.3,-0.12,19,4,6,9,28.0,36.0,-8.0,18,0.95,21.7,30.8,-9.2,-0.48,2021-2022
9,Brighton,19,5,7,7,19.0,23.0,-4.0,22,1.16,25.2,19.8,5.4,0.29,19,7,8,4,23.0,21.0,2.0,29,1.53,20.9,23.1,-2.1,-0.11,2021-2022
10,Wolves,19,7,3,9,20.0,25.0,-5.0,24,1.26,19.2,28.9,-9.7,-0.51,19,8,3,8,18.0,18.0,0.0,27,1.42,18.3,28.0,-9.8,-0.51,2021-2022
11,Newcastle Utd,19,8,6,5,26.0,27.0,-1.0,30,1.58,21.2,27.4,-6.2,-0.32,19,5,4,10,18.0,35.0,-17.0,19,1.0,16.9,29.8,-12.8,-0.68,2021-2022
12,Crystal Palace,19,7,8,4,27.0,17.0,10.0,29,1.53,28.2,17.0,11.2,0.59,19,4,7,8,23.0,29.0,-6.0,19,1.0,18.2,23.7,-5.5,-0.29,2021-2022
13,Brentford,19,7,3,9,22.0,21.0,1.0,24,1.26,25.4,20.5,4.9,0.26,19,6,4,9,26.0,35.0,-9.0,22,1.16,20.4,28.0,-7.6,-0.4,2021-2022
14,Aston Villa,19,6,5,8,29.0,29.0,0.0,23,1.21,23.6,24.5,-1.0,-0.05,19,7,1,11,23.0,25.0,-2.0,22,1.16,20.4,24.4,-4.0,-0.21,2021-2022
15,Southampton,19,6,7,6,23.0,24.0,-1.0,25,1.32,21.8,24.3,-2.5,-0.13,19,3,6,10,20.0,43.0,-23.0,15,0.79,23.0,35.7,-12.7,-0.67,2021-2022
16,Everton,19,9,2,8,27.0,25.0,2.0,29,1.53,23.6,22.6,1.0,0.05,19,2,4,13,16.0,41.0,-25.0,10,0.53,17.6,32.8,-15.2,-0.8,2021-2022
17,Leeds United,19,4,6,9,19.0,38.0,-19.0,18,0.95,25.2,31.6,-6.4,-0.34,19,5,5,9,23.0,41.0,-18.0,20,1.05,19.1,36.2,-17.1,-0.9,2021-2022
18,Burnley,19,5,6,8,18.0,25.0,-7.0,21,1.11,22.9,25.7,-2.9,-0.15,19,2,8,9,16.0,28.0,-12.0,14,0.74,16.9,31.4,-14.5,-0.76,2021-2022
19,Watford,19,2,2,15,17.0,46.0,-29.0,8,0.42,19.7,33.9,-14.2,-0.75,19,4,3,12,17.0,31.0,-14.0,15,0.79,20.3,30.6,-10.3,-0.54,2021-2022
20,Norwich City,19,3,3,13,12.0,43.0,-31.0,12,0.63,17.2,35.1,-17.8,-0.94,19,2,4,13,11.0,41.0,-30.0,10,0.53,15.1,40.4,-25.3,-1.33,2021-2022
1,Manchester City,19,13,2,4,43.0,17.0,26.0,41,2.16,37.2,14.9,22.3,1.18,19,14,3,2,40.0,15.0,25.0,45,2.37,31.0,15.3,15.7,0.83,2020-2021
2,Manchester Utd,19,9,4,6,38.0,28.0,10.0,31,1.63,31.2,22.3,8.9,0.47,19,12,7,0,35.0,16.0,19.0,43,2.26,28.9,19.2,9.7,0.51,2020-2021
3,Liverpool,19,10,3,6,29.0,20.0,9.0,33,1.74,31.6,21.1,10.4,0.55,19,10,6,3,39.0,22.0,17.0,36,1.89,36.0,21.8,14.1,0.74,2020-2021
4,Chelsea,19,9,6,4,31.0,18.0,13.0,33,1.74,34.1,15.2,18.9,1.0,19,10,4,5,27.0,18.0,9.0,34,1.79,28.3,15.1,13.2,0.7,2020-2021
5,Leicester City,19,9,1,9,34.0,30.0,4.0,28,1.47,28.2,25.6,2.7,0.14,19,11,5,3,34.0,20.0,14.0,38,2.0,27.6,20.4,7.2,0.38,2020-2021
6,West Ham,19,10,4,5,32.0,22.0,10.0,34,1.79,24.7,24.9,-0.2,-0.01,19,9,4,6,30.0,25.0,5.0,31,1.63,30.7,23.8,7.0,0.37,2020-2021
7,Tottenham,19,10,3,6,35.0,20.0,15.0,33,1.74,29.6,21.8,7.8,0.41,19,8,5,6,33.0,25.0,8.0,29,1.53,23.5,27.3,-3.8,-0.2,2020-2021
8,Arsenal,19,8,4,7,24.0,21.0,3.0,28,1.47,23.0,23.2,-0.2,-0.01,19,10,3,6,31.0,18.0,13.0,33,1.74,28.8,19.8,9.0,0.47,2020-2021
9,Leeds United,19,8,5,6,28.0,21.0,7.0,29,1.53,30.6,22.9,7.7,0.41,19,10,0,9,34.0,33.0,1.0,30,1.58,25.0,35.0,-10.0,-0.52,2020-2021
10,Everton,19,6,4,9,24.0,28.0,-4.0,22,1.16,23.3,25.1,-1.8,-0.1,19,11,4,4,23.0,20.0,3.0,37,1.95,22.4,25.0,-2.6,-0.14,2020-2021
11,Aston Villa,19,7,4,8,29.0,27.0,2.0,25,1.32,27.9,25.9,2.0,0.11,19,9,3,7,26.0,19.0,7.0,30,1.58,24.6,25.2,-0.6,-0.03,2020-2021
12,Newcastle Utd,19,6,5,8,26.0,33.0,-7.0,23,1.21,26.5,24.7,1.8,0.1,19,6,4,9,20.0,29.0,-9.0,22,1.16,16.9,33.6,-16.7,-0.88,2020-2021
13,Wolves,19,7,4,8,21.0,25.0,-4.0,25,1.32,19.9,20.6,-0.7,-0.04,19,5,5,9,15.0,27.0,-12.0,20,1.05,16.6,28.9,-12.3,-0.65,2020-2021
14,Crystal Palace,19,6,5,8,20.0,32.0,-12.0,23,1.21,15.8,28.1,-12.3,-0.65,19,6,3,10,21.0,34.0,-13.0,21,1.11,18.3,30.1,-11.8,-0.62,2020-2021
15,Southampton,19,8,3,8,28.0,25.0,3.0,27,1.42,21.0,22.3,-1.3,-0.07,19,4,4,11,19.0,43.0,-24.0,16,0.84,20.3,30.7,-10.5,-0.55,2020-2021
16,Brighton,19,4,9,6,22.0,22.0,0.0,21,1.11,30.6,14.2,16.4,0.86,19,5,5,9,18.0,24.0,-6.0,20,1.05,20.2,21.1,-0.8,-0.04,2020-2021
17,Burnley,19,4,6,9,14.0,27.0,-13.0,18,0.95,20.5,27.3,-6.8,-0.36,19,6,3,10,19.0,28.0,-9.0,21,1.11,18.8,27.3,-8.6,-0.45,2020-2021
18,Fulham,19,2,4,13,9.0,28.0,-19.0,10,0.53,18.7,25.9,-7.2,-0.38,19,3,9,7,18.0,25.0,-7.0,18,0.95,21.8,26.7,-4.9,-0.26,2020-2021
19,West Brom,19,3,6,10,15.0,39.0,-24.0,15,0.79,18.5,35.4,-16.9,-0.89,19,2,5,12,20.0,37.0,-17.0,11,0.58,17.4,32.5,-15.1,-0.8,2020-2021
20,Sheffield Utd,19,5,1,13,12.0,27.0,-15.0,16,0.84,17.9,30.2,-12.4,-0.65,19,2,1,16,8.0,36.0,-28.0,7,0.37,14.8,32.0,-17.2,-0.91,2020-2021
1,Liverpool,19,18,1,0,52.0,16.0,36.0,55,2.89,39.1,16.9,22.1,1.16,19,14,2,3,33.0,17.0,16.0,44,2.32,29.8,20.8,9.0,0.47,2019-2020
2,Manchester City,19,15,2,2,57.0,13.0,44.0,47,2.47,45.7,14.4,31.3,1.65,19,11,1,7,45.0,22.0,23.0,34,1.79,46.2,21.8,24.5,1.29,2019-2020
3,Manchester Utd,19,10,7,2,40.0,17.0,23.0,37,1.95,33.7,18.0,15.7,0.82,19,8,5,6,26.0,19.0,7.0,29,1.53,28.5,19.7,8.8,0.46,2019-2020
4,Chelsea,19,11,3,5,30.0,16.0,14.0,36,1.89,40.4,11.9,28.5,1.5,19,9,3,7,39.0,38.0,1.0,30,1.58,28.8,26.7,2.1,0.11,2019-2020
5,Leicester City,19,11,4,4,35.0,17.0,18.0,37,1.95,28.4,21.9,6.5,0.34,19,7,4,8,32.0,24.0,8.0,25,1.32,33.8,23.6,10.2,0.54,2019-2020
6,Tottenham,19,12,3,4,36.0,17.0,19.0,39,2.05,25.6,22.9,2.7,0.14,19,4,8,7,25.0,30.0,-5.0,20,1.05,22.3,31.3,-9.0,-0.47,2019-2020
7,Wolves,19,8,7,4,27.0,19.0,8.0,31,1.63,29.5,18.1,11.5,0.6,19,7,7,5,24.0,21.0,3.0,28,1.47,24.6,19.9,4.7,0.24,2019-2020
8,Arsenal,19,10,6,3,36.0,24.0,12.0,36,1.89,26.3,29.0,-2.7,-0.14,19,4,8,7,20.0,24.0,-4.0,20,1.05,20.7,26.3,-5.6,-0.3,2019-2020
9,Sheffield Utd,19,10,3,6,24.0,15.0,9.0,33,1.74,26.9,21.3,5.6,0.29,19,4,9,6,15.0,24.0,-9.0,21,1.11,16.2,29.7,-13.5,-0.71,2019-2020
10,Burnley,19,8,4,7,24.0,23.0,1.0,28,1.47,30.5,23.9,6.5,0.34,19,7,5,7,19.0,27.0,-8.0,26,1.37,16.9,25.8,-8.9,-0.47,2019-2020
11,Southampton,19,6,3,10,21.0,35.0,-14.0,21,1.11,25.6,29.2,-3.6,-0.19,19,9,4,6,30.0,25.0,5.0,31,1.63,30.5,23.6,6.9,0.36,2019-2020
12,Everton,19,8,7,4,24.0,21.0,3.0,31,1.63,27.1,24.2,2.9,0.16,19,5,3,11,20.0,35.0,-15.0,18,0.95,23.7,24.1,-0.4,-0.02,2019-2020
13,Newcastle Utd,19,6,8,5,20.0,21.0,-1.0,26,1.37,18.9,30.9,-12.0,-0.63,19,5,3,11,18.0,37.0,-19.0,18,0.95,16.7,34.7,-18.1,-0.95,2019-2020
14,Crystal Palace,19,6,5,8,15.0,20.0,-5.0,23,1.21,19.0,22.2,-3.2,-0.17,19,5,5,9,16.0,30.0,-14.0,20,1.05,16.8,34.9,-18.0,-0.95,2019-2020
15,Brighton,19,5,7,7,20.0,27.0,-7.0,22,1.16,23.5,25.7,-2.2,-0.12,19,4,7,8,19.0,27.0,-8.0,19,1.0,21.9,29.2,-7.3,-0.39,2019-2020
16,West Ham,19,6,4,9,30.0,33.0,-3.0,22,1.16,24.7,29.7,-5.0,-0.26,19,4,5,10,19.0,29.0,-10.0,17,0.89,23.9,34.1,-10.2,-0.54,2019-2020
17,Aston Villa,19,7,3,9,22.0,30.0,-8.0,24,1.26,23.9,32.1,-8.2,-0.43,19,2,5,12,19.0,37.0,-18.0,11,0.58,20.4,35.6,-15.3,-0.8,2019-2020
18,Bournemouth,19,5,6,8,22.0,30.0,-8.0,21,1.11,24.2,28.2,-4.0,-0.21,19,4,1,14,18.0,35.0,-17.0,13,0.68,20.6,34.1,-13.4,-0.71,2019-2020
19,Watford,19,6,6,7,22.0,27.0,-5.0,24,1.26,29.1,26.9,2.2,0.12,19,2,4,13,14.0,37.0,-23.0,10,0.53,19.7,31.2,-11.5,-0.61,2019-2020
20,Norwich City,19,4,3,12,19.0,37.0,-18.0,15,0.79,18.2,33.3,-15.2,-0.8,19,1,3,15,7.0,38.0,-31.0,6,0.32,18.8,33.1,-14.3,-0.75,2019-2020
1,Manchester City,19,18,0,1,57.0,12.0,45.0,54,2.84,50.1,13.5,36.6,1.93,19,14,2,3,38.0,11.0,27.0,44,2.32,34.2,11.3,23.0,1.21,2018-2019
2,Liverpool,19,17,2,0,55.0,10.0,45.0,53,2.79,42.2,13.2,28.9,1.52,19,13,5,1,34.0,12.0,22.0,44,2.32,31.6,15.6,16.0,0.84,2018-2019
3,Chelsea,19,12,6,1,39.0,12.0,27.0,42,2.21,31.0,14.4,16.6,0.87,19,9,3,7,24.0,27.0,-3.0,30,1.58,27.6,22.0,5.6,0.29,2018-2019
4,Tottenham,19,12,2,5,34.0,16.0,18.0,38,2.0,31.3,24.3,6.9,0.36,19,11,0,8,33.0,23.0,10.0,33,1.74,23.6,22.8,0.8,0.04,2018-2019
5,Arsenal,19,14,3,2,42.0,16.0,26.0,45,2.37,34.6,23.5,11.0,0.58,19,7,4,8,31.0,35.0,-4.0,25,1.32,25.5,30.7,-5.2,-0.27,2018-2019
6,Manchester Utd,19,10,6,3,33.0,25.0,8.0,36,1.89,31.8,21.6,10.2,0.54,19,9,3,7,32.0,29.0,3.0,30,1.58,29.7,29.0,0.6,0.03,2018-2019
7,Wolves,19,10,4,5,28.0,21.0,7.0,34,1.79,31.3,18.9,12.4,0.65,19,6,5,8,19.0,25.0,-6.0,23,1.21,20.9,23.2,-2.3,-0.12,2018-2019
8,Everton,19,10,4,5,30.0,21.0,9.0,34,1.79,28.0,21.7,6.2,0.33,19,5,5,9,24.0,25.0,-1.0,20,1.05,21.7,24.0,-2.3,-0.12,2018-2019
9,Leicester City,19,8,3,8,24.0,20.0,4.0,27,1.42,26.3,19.9,6.5,0.34,19,7,4,8,27.0,28.0,-1.0,25,1.32,26.1,23.8,2.3,0.12,2018-2019
10,West Ham,19,9,4,6,32.0,27.0,5.0,31,1.63,25.2,23.3,1.9,0.1,19,6,3,10,20.0,28.0,-8.0,21,1.11,22.5,38.6,-16.2,-0.85,2018-2019
11,Watford,19,8,3,8,26.0,28.0,-2.0,27,1.42,23.1,29.2,-6.2,-0.32,19,6,5,8,26.0,31.0,-5.0,23,1.21,25.2,30.0,-4.8,-0.25,2018-2019
12,Crystal Palace,19,5,5,9,19.0,23.0,-4.0,20,1.05,28.1,23.5,4.7,0.25,19,9,2,8,32.0,30.0,2.0,29,1.53,19.5,26.6,-7.2,-0.38,2018-2019
13,Newcastle Utd,19,8,1,10,24.0,25.0,-1.0,25,1.32,22.6,25.2,-2.6,-0.14,19,4,8,7,18.0,23.0,-5.0,20,1.05,16.5,28.3,-11.9,-0.62,2018-2019
14,Bournemouth,19,8,5,6,30.0,25.0,5.0,29,1.53,27.7,25.2,2.5,0.13,19,5,1,13,26.0,45.0,-19.0,16,0.84,25.6,32.0,-6.4,-0.34,2018-2019
15,Burnley,19,7,2,10,24.0,32.0,-8.0,23,1.21,25.6,26.3,-0.8,-0.04,19,4,5,10,21.0,36.0,-15.0,17,0.89,18.8,35.7,-16.9,-0.89,2018-2019
16,Southampton,19,5,8,6,27.0,30.0,-3.0,23,1.21,24.6,25.0,-0.4,-0.02,19,4,4,11,18.0,35.0,-17.0,16,0.84,22.3,30.1,-7.8,-0.41,2018-2019
17,Brighton,19,6,5,8,19.0,28.0,-9.0,23,1.21,19.9,24.0,-4.1,-0.22,19,3,4,12,16.0,32.0,-16.0,13,0.68,15.4,35.1,-19.7,-1.04,2018-2019
18,Cardiff City,19,6,2,11,21.0,38.0,-17.0,20,1.05,24.6,25.5,-1.0,-0.05,19,4,2,13,13.0,31.0,-18.0,14,0.74,17.8,35.9,-18.2,-0.96,2018-2019
19,Fulham,19,6,3,10,22.0,36.0,-14.0,21,1.11,24.0,27.8,-3.7,-0.2,19,1,2,16,12.0,45.0,-33.0,5,0.26,17.3,40.4,-23.1,-1.22,2018-2019
20,Huddersfield,19,2,3,14,10.0,31.0,-21.0,9,0.47,16.2,28.0,-11.8,-0.62,19,1,4,14,12.0,45.0,-33.0,7,0.37,12.6,32.9,-20.3,-1.07,2018-2019
1,Manchester City,19,16,2,1,61.0,14.0,47.0,50,2.63,43.5,10.7,32.7,1.72,19,16,2,1,45.0,13.0,32.0,50,2.63,35.2,13.1,22.1,1.16,2017-2018
2,Manchester Utd,19,15,2,2,38.0,9.0,29.0,47,2.47,31.9,15.1,16.8,0.88,19,10,4,5,30.0,19.0,11.0,34,1.79,23.8,25.6,-1.7,-0.09,2017-2018
3,Tottenham,19,13,4,2,40.0,16.0,24.0,43,2.26,34.4,15.0,19.4,1.02,19,10,4,5,34.0,20.0,14.0,34,1.79,30.3,18.9,11.4,0.6,2017-2018
4,Liverpool,19,12,7,0,45.0,10.0,35.0,43,2.26,40.9,10.6,30.3,1.6,19,9,5,5,39.0,28.0,11.0,32,1.68,31.9,23.1,8.8,0.46,2017-2018
5,Chelsea,19,11,4,4,30.0,16.0,14.0,37,1.95,30.3,14.9,15.4,0.81,19,10,3,6,32.0,22.0,10.0,33,1.74,24.1,18.9,5.2,0.27,2017-2018
6,Arsenal,19,15,2,2,54.0,20.0,34.0,47,2.47,44.5,21.0,23.6,1.24,19,4,4,11,20.0,31.0,-11.0,16,0.84,23.7,26.8,-3.1,-0.16,2017-2018
7,Burnley,19,7,5,7,16.0,17.0,-1.0,26,1.37,17.2,24.2,-7.0,-0.37,19,7,7,5,20.0,22.0,-2.0,28,1.47,15.1,27.0,-11.8,-0.62,2017-2018
8,Everton,19,10,4,5,28.0,22.0,6.0,34,1.79,21.3,22.9,-1.7,-0.09,19,3,6,10,16.0,36.0,-20.0,15,0.79,19.2,29.4,-10.2,-0.54,2017-2018
9,Leicester City,19,7,6,6,25.0,22.0,3.0,27,1.42,26.9,19.4,7.5,0.39,19,5,5,9,31.0,38.0,-7.0,20,1.05,23.1,28.7,-5.6,-0.29,2017-2018
10,Newcastle Utd,19,8,4,7,21.0,17.0,4.0,28,1.47,22.3,20.7,1.5,0.08,19,4,4,11,18.0,30.0,-12.0,16,0.84,19.4,31.7,-12.3,-0.65,2017-2018
11,Crystal Palace,19,7,5,7,29.0,27.0,2.0,26,1.37,33.8,20.7,13.2,0.69,19,4,6,9,16.0,28.0,-12.0,18,0.95,19.7,27.6,-7.9,-0.42,2017-2018
12,Bournemouth,19,7,5,7,26.0,30.0,-4.0,26,1.37,23.5,28.0,-4.5,-0.24,19,4,6,9,19.0,31.0,-12.0,18,0.95,15.2,31.2,-15.9,-0.84,2017-2018
13,West Ham,19,7,6,6,24.0,26.0,-2.0,27,1.42,18.2,21.4,-3.2,-0.17,19,3,6,10,24.0,42.0,-18.0,15,0.79,18.6,33.8,-15.2,-0.8,2017-2018
14,Watford,19,7,6,6,27.0,31.0,-4.0,27,1.42,22.7,25.7,-3.0,-0.16,19,4,2,13,17.0,33.0,-16.0,14,0.74,22.3,26.1,-3.8,-0.2,2017-2018
15,Brighton,19,7,8,4,24.0,25.0,-1.0,29,1.53,23.8,22.0,1.8,0.1,19,2,5,12,10.0,29.0,-19.0,11,0.58,13.2,28.8,-15.6,-0.82,2017-2018
16,Huddersfield,19,6,5,8,16.0,25.0,-9.0,23,1.21,17.4,21.2,-3.8,-0.2,19,3,5,11,12.0,33.0,-21.0,14,0.74,13.9,27.3,-13.4,-0.7,2017-2018
17,Southampton,19,4,7,8,20.0,26.0,-6.0,19,1.0,23.4,18.0,5.4,0.28,19,3,8,8,17.0,30.0,-13.0,17,0.89,16.5,27.2,-10.7,-0.56,2017-2018
18,Swansea City,19,6,3,10,17.0,24.0,-7.0,21,1.11,21.0,25.5,-4.5,-0.23,19,2,6,11,11.0,32.0,-21.0,12,0.63,10.6,33.2,-22.6,-1.19,2017-2018
19,Stoke City,19,5,5,9,20.0,30.0,-10.0,20,1.05,20.0,29.3,-9.4,-0.49,19,2,7,10,15.0,38.0,-23.0,13,0.68,16.5,33.2,-16.7,-0.88,2017-2018
20,West Brom,19,3,9,7,21.0,29.0,-8.0,18,0.95,22.1,20.3,1.9,0.1,19,3,4,12,10.0,27.0,-17.0,13,0.68,14.3,27.7,-13.3,-0.7,2017-2018
1,Chelsea,19,17,0,2,55.0,17.0,38.0,51,2.68,,,,,19,13,3,3,30.0,16.0,14.0,42,2.21,,,,,2016-2017
2,Tottenham,19,17,2,0,47.0,9.0,38.0,53,2.79,,,,,19,9,6,4,39.0,17.0,22.0,33,1.74,,,,,2016-2017
3,Manchester City,19,11,7,1,37.0,17.0,20.0,40,2.11,,,,,19,12,2,5,43.0,22.0,21.0,38,2.0,,,,,2016-2017
4,Liverpool,19,12,5,2,45.0,18.0,27.0,41,2.16,,,,,19,10,5,4,33.0,24.0,9.0,35,1.84,,,,,2016-2017
5,Arsenal,19,14,3,2,39.0,16.0,23.0,45,2.37,,,,,19,9,3,7,38.0,28.0,10.0,30,1.58,,,,,2016-2017
6,Manchester Utd,19,8,10,1,26.0,12.0,14.0,34,1.79,,,,,19,10,5,4,28.0,17.0,11.0,35,1.84,,,,,2016-2017
7,Everton,19,13,4,2,42.0,16.0,26.0,43,2.26,,,,,19,4,6,9,20.0,28.0,-8.0,18,0.95,,,,,2016-2017
8,Southampton,19,6,6,7,17.0,21.0,-4.0,24,1.26,,,,,19,6,4,9,24.0,27.0,-3.0,22,1.16,,,,,2016-2017
9,Bournemouth,19,9,4,6,35.0,29.0,6.0,31,1.63,,,,,19,3,6,10,20.0,38.0,-18.0,15,0.79,,,,,2016-2017
10,West Brom,19,9,2,8,27.0,22.0,5.0,29,1.53,,,,,19,3,7,9,16.0,29.0,-13.0,16,0.84,,,,,2016-2017
11,West Ham,19,7,4,8,19.0,31.0,-12.0,25,1.32,,,,,19,5,5,9,28.0,33.0,-5.0,20,1.05,,,,,2016-2017
12,Leicester City,19,10,4,5,31.0,25.0,6.0,34,1.79,,,,,19,2,4,13,17.0,38.0,-21.0,10,0.53,,,,,2016-2017
13,Stoke City,19,7,6,6,24.0,24.0,0.0,27,1.42,,,,,19,4,5,10,17.0,32.0,-15.0,17,0.89,,,,,2016-2017
14,Crystal Palace,19,6,2,11,24.0,25.0,-1.0,20,1.05,,,,,19,6,3,10,26.0,38.0,-12.0,21,1.11,,,,,2016-2017
15,Swansea City,19,8,3,8,27.0,34.0,-7.0,27,1.42,,,,,19,4,2,13,18.0,36.0,-18.0,14,0.74,,,,,2016-2017
16,Burnley,19,10,3,6,26.0,20.0,6.0,33,1.74,,,,,19,1,4,14,13.0,35.0,-22.0,7,0.37,,,,,2016-2017
17,Watford,19,8,4,7,25.0,29.0,-4.0,28,1.47,,,,,19,3,3,13,15.0,39.0,-24.0,12,0.63,,,,,2016-2017
18,Hull City,19,8,4,7,28.0,35.0,-7.0,28,1.47,,,,,19,1,3,15,9.0,45.0,-36.0,6,0.32,,,,,2016-2017
19,Middlesbrough,19,4,6,9,17.0,23.0,-6.0,18,0.95,,,,,19,1,7,11,10.0,30.0,-20.0,10,0.53,,,,,2016-2017
20,Sunderland,19,3,5,11,16.0,34.0,-18.0,14,0.74,,,,,19,3,1,15,13.0,35.0,-22.0,10,0.53,,,,,2016-2017
1,Leicester City,19,12,6,1,35.0,18.0,17.0,42,2.21,,,,,19,11,6,2,33.0,18.0,15.0,39,2.05,,,,,2015-2016
2,Arsenal,19,12,4,3,31.0,11.0,20.0,40,2.11,,,,,19,8,7,4,34.0,25.0,9.0,31,1.63,,,,,2015-2016
3,Tottenham,19,10,6,3,35.0,15.0,20.0,36,1.89,,,,,19,9,7,3,34.0,20.0,14.0,34,1.79,,,,,2015-2016
4,Manchester City,19,12,2,5,47.0,21.0,26.0,38,2.0,,,,,19,7,7,5,24.0,20.0,4.0,28,1.47,,,,,2015-2016
5,Manchester Utd,19,12,5,2,27.0,9.0,18.0,41,2.16,,,,,19,7,4,8,22.0,26.0,-4.0,25,1.32,,,,,2015-2016
6,Southampton,19,11,3,5,39.0,22.0,17.0,36,1.89,,,,,19,7,6,6,20.0,19.0,1.0,27,1.42,,,,,2015-2016
7,West Ham,19,9,7,3,34.0,26.0,8.0,34,1.79,,,,,19,7,7,5,31.0,25.0,6.0,28,1.47,,,,,2015-2016
8,Liverpool,19,8,8,3,33.0,22.0,11.0,32,1.68,,,,,19,8,4,7,30.0,28.0,2.0,28,1.47,,,,,2015-2016
9,Stoke City,19,8,4,7,22.0,24.0,-2.0,28,1.47,,,,,19,6,5,8,19.0,31.0,-12.0,23,1.21,,,,,2015-2016
10,Chelsea,19,5,9,5,32.0,30.0,2.0,24,1.26,,,,,19,7,5,7,27.0,23.0,4.0,26,1.37,,,,,2015-2016
11,Everton,19,6,5,8,35.0,30.0,5.0,23,1.21,,,,,19,5,9,5,24.0,25.0,-1.0,24,1.26,,,,,2015-2016
12,Swansea City,19,8,6,5,20.0,20.0,0.0,30,1.58,,,,,19,4,5,10,22.0,32.0,-10.0,17,0.89,,,,,2015-2016
13,Watford,19,6,6,7,20.0,19.0,1.0,24,1.26,,,,,19,6,3,10,20.0,31.0,-11.0,21,1.11,,,,,2015-2016
14,West Brom,19,6,5,8,20.0,26.0,-6.0,23,1.21,,,,,19,4,8,7,14.0,22.0,-8.0,20,1.05,,,,,2015-2016
15,Crystal Palace,19,6,3,10,19.0,23.0,-4.0,21,1.11,,,,,19,5,6,8,20.0,28.0,-8.0,21,1.11,,,,,2015-2016
16,Bournemouth,19,5,5,9,23.0,34.0,-11.0,20,1.05,,,,,19,6,4,9,22.0,33.0,-11.0,22,1.16,,,,,2015-2016
17,Sunderland,19,6,6,7,23.0,20.0,3.0,24,1.26,,,,,19,3,6,10,25.0,42.0,-17.0,15,0.79,,,,,2015-2016
18,Newcastle Utd,19,7,7,5,32.0,24.0,8.0,28,1.47,,,,,19,2,3,14,12.0,41.0,-29.0,9,0.47,,,,,2015-2016
19,Norwich City,19,6,5,8,26.0,30.0,-4.0,23,1.21,,,,,19,3,2,14,13.0,37.0,-24.0,11,0.58,,,,,2015-2016
20,Aston Villa,19,2,5,12,14.0,35.0,-21.0,11,0.58,,,,,19,1,3,15,13.0,41.0,-28.0,6,0.32,,,,,2015-2016
1,Chelsea,19,15,4,0,36.0,9.0,27.0,49,2.58,,,,,19,11,5,3,37.0,23.0,14.0,38,2.0,,,,,2014-2015
2,Manchester City,19,14,3,2,44.0,14.0,30.0,45,2.37,,,,,19,10,4,5,39.0,24.0,15.0,34,1.79,,,,,2014-2015
3,Arsenal,19,12,5,2,41.0,14.0,27.0,41,2.16,,,,,19,10,4,5,30.0,22.0,8.0,34,1.79,,,,,2014-2015
4,Manchester Utd,19,14,2,3,41.0,15.0,26.0,44,2.32,,,,,19,6,8,5,21.0,22.0,-1.0,26,1.37,,,,,2014-2015
5,Tottenham,19,10,3,6,31.0,24.0,7.0,33,1.74,,,,,19,9,4,6,27.0,29.0,-2.0,31,1.63,,,,,2014-2015
6,Liverpool,19,10,5,4,30.0,20.0,10.0,35,1.84,,,,,19,8,3,8,22.0,28.0,-6.0,27,1.42,,,,,2014-2015
7,Southampton,19,11,4,4,37.0,13.0,24.0,37,1.95,,,,,19,7,2,10,17.0,20.0,-3.0,23,1.21,,,,,2014-2015
8,Swansea City,19,9,5,5,27.0,22.0,5.0,32,1.68,,,,,19,7,3,9,19.0,27.0,-8.0,24,1.26,,,,,2014-2015
9,Stoke City,19,10,3,6,32.0,22.0,10.0,33,1.74,,,,,19,5,6,8,16.0,23.0,-7.0,21,1.11,,,,,2014-2015
10,Crystal Palace,19,6,3,10,21.0,27.0,-6.0,21,1.11,,,,,19,7,6,6,26.0,24.0,2.0,27,1.42,,,,,2014-2015
11,Everton,19,7,7,5,27.0,21.0,6.0,28,1.47,,,,,19,5,4,10,21.0,29.0,-8.0,19,1.0,,,,,2014-2015
12,West Ham,19,9,4,6,25.0,18.0,7.0,31,1.63,,,,,19,3,7,9,19.0,29.0,-10.0,16,0.84,,,,,2014-2015
13,West Brom,19,7,4,8,24.0,26.0,-2.0,25,1.32,,,,,19,4,7,8,14.0,25.0,-11.0,19,1.0,,,,,2014-2015
14,Leicester City,19,7,5,7,28.0,22.0,6.0,26,1.37,,,,,19,4,3,12,18.0,33.0,-15.0,15,0.79,,,,,2014-2015
15,Newcastle Utd,19,7,5,7,26.0,27.0,-1.0,26,1.37,,,,,19,3,4,12,14.0,36.0,-22.0,13,0.68,,,,,2014-2015
16,Sunderland,19,4,8,7,16.0,27.0,-11.0,20,1.05,,,,,19,3,9,7,15.0,26.0,-11.0,18,0.95,,,,,2014-2015
17,Aston Villa,19,5,6,8,18.0,25.0,-7.0,21,1.11,,,,,19,5,2,12,13.0,32.0,-19.0,17,0.89,,,,,2014-2015
18,Hull City,19,5,5,9,19.0,24.0,-5.0,20,1.05,,,,,19,3,6,10,14.0,27.0,-13.0,15,0.79,,,,,2014-2015
19,Burnley,19,4,7,8,14.0,21.0,-7.0,19,1.0,,,,,19,3,5,11,14.0,32.0,-18.0,14,0.74,,,,,2014-2015
20,QPR,19,6,5,8,23.0,24.0,-1.0,23,1.21,,,,,19,2,1,16,19.0,49.0,-30.0,7,0.37,,,,,2014-2015
1,Manchester City,19,17,1,1,,,,52,2.74,,,,,19,10,4,5,,,,34,1.79,,,,,2013-2014
2,Liverpool,19,16,1,2,,,,49,2.58,,,,,19,10,5,4,,,,35,1.84,,,,,2013-2014
3,Chelsea,19,15,3,1,,,,48,2.53,,,,,19,10,4,5,,,,34,1.79,,,,,2013-2014
4,Arsenal,19,13,5,1,,,,44,2.32,,,,,19,11,2,6,,,,35,1.84,,,,,2013-2014
5,Everton,19,13,3,3,,,,42,2.21,,,,,19,8,6,5,,,,30,1.58,,,,,2013-2014
6,Tottenham,19,11,3,5,,,,36,1.89,,,,,19,10,3,6,,,,33,1.74,,,,,2013-2014
7,Manchester Utd,19,9,3,7,,,,30,1.58,,,,,19,10,4,5,,,,34,1.79,,,,,2013-2014
8,Southampton,19,8,6,5,,,,30,1.58,,,,,19,7,5,7,,,,26,1.37,,,,,2013-2014
9,Stoke City,19,10,6,3,,,,36,1.89,,,,,19,3,5,11,,,,14,0.74,,,,,2013-2014
10,Newcastle Utd,19,8,3,8,,,,27,1.42,,,,,19,7,1,11,,,,22,1.16,,,,,2013-2014
11,Crystal Palace,19,8,3,8,,,,27,1.42,,,,,19,5,3,11,,,,18,0.95,,,,,2013-2014
12,Swansea City,19,6,5,8,,,,23,1.21,,,,,19,5,4,10,,,,19,1.0,,,,,2013-2014
13,West Ham,19,7,3,9,,,,24,1.26,,,,,19,4,4,11,,,,16,0.84,,,,,2013-2014
14,Sunderland,19,5,3,11,,,,18,0.95,,,,,19,5,5,9,,,,20,1.05,,,,,2013-2014
15,Aston Villa,19,6,3,10,,,,21,1.11,,,,,19,4,5,10,,,,17,0.89,,,,,2013-2014
16,Hull City,19,7,4,8,,,,25,1.32,,,,,19,3,3,13,,,,12,0.63,,,,,2013-2014
17,West Brom,19,4,9,6,,,,21,1.11,,,,,19,3,6,10,,,,15,0.79,,,,,2013-2014
18,Norwich City,19,6,6,7,,,,24,1.26,,,,,19,2,3,14,,,,9,0.47,,,,,2013-2014
19,Fulham,19,5,3,11,,,,18,0.95,,,,,19,4,2,13,,,,14,0.74,,,,,2013-2014
20,Cardiff City,19,5,5,9,,,,20,1.05,,,,,19,2,4,13,,,,10,0.53,,,,,2013-2014
1,Manchester Utd,19,16,0,3,,,,48,2.53,,,,,19,12,5,2,,,,41,2.16,,,,,2012-2013
2,Manchester City,19,14,3,2,,,,45,2.37,,,,,19,9,6,4,,,,33,1.74,,,,,2012-2013
3,Chelsea,19,12,5,2,,,,41,2.16,,,,,19,10,4,5,,,,34,1.79,,,,,2012-2013
4,Arsenal,19,11,5,3,,,,38,2.0,,,,,19,10,5,4,,,,35,1.84,,,,,2012-2013
5,Tottenham,19,11,5,3,,,,38,2.0,,,,,19,10,4,5,,,,34,1.79,,,,,2012-2013
6,Everton,19,12,6,1,,,,42,2.21,,,,,19,4,9,6,,,,21,1.11,,,,,2012-2013
7,Liverpool,19,9,6,4,,,,33,1.74,,,,,19,7,7,5,,,,28,1.47,,,,,2012-2013
8,West Brom,19,9,4,6,,,,31,1.63,,,,,19,5,3,11,,,,18,0.95,,,,,2012-2013
9,Swansea City,19,6,8,5,,,,26,1.37,,,,,19,5,5,9,,,,20,1.05,,,,,2012-2013
10,West Ham,19,9,6,4,,,,33,1.74,,,,,19,3,4,12,,,,13,0.68,,,,,2012-2013
11,Norwich City,19,8,7,4,,,,31,1.63,,,,,19,2,7,10,,,,13,0.68,,,,,2012-2013
12,Fulham,19,7,3,9,,,,24,1.26,,,,,19,4,7,8,,,,19,1.0,,,,,2012-2013
13,Stoke City,19,7,7,5,,,,28,1.47,,,,,19,2,8,9,,,,14,0.74,,,,,2012-2013
14,Southampton,19,6,7,6,,,,25,1.32,,,,,19,3,7,9,,,,16,0.84,,,,,2012-2013
15,Aston Villa,19,5,5,9,,,,20,1.05,,,,,19,5,6,8,,,,21,1.11,,,,,2012-2013
16,Newcastle Utd,19,9,1,9,,,,28,1.47,,,,,19,2,7,10,,,,13,0.68,,,,,2012-2013
17,Sunderland,19,5,8,6,,,,23,1.21,,,,,19,4,4,11,,,,16,0.84,,,,,2012-2013
18,Wigan Athletic,19,4,6,9,,,,18,0.95,,,,,19,5,3,11,,,,18,0.95,,,,,2012-2013
19,Reading,19,4,8,7,,,,20,1.05,,,,,19,2,2,15,,,,8,0.42,,,,,2012-2013
20,QPR,19,2,8,9,,,,14,0.74,,,,,19,2,5,12,,,,11,0.58,,,,,2012-2013
1,Manchester City,19,18,1,0,,,,55,2.89,,,,,19,10,4,5,,,,34,1.79,,,,,2011-2012
2,Manchester Utd,19,15,2,2,,,,47,2.47,,,,,19,13,3,3,,,,42,2.21,,,,,2011-2012
3,Arsenal,19,12,4,3,,,,40,2.11,,,,,19,9,3,7,,,,30,1.58,,,,,2011-2012
4,Tottenham,19,13,3,3,,,,42,2.21,,,,,19,7,6,6,,,,27,1.42,,,,,2011-2012
5,Newcastle Utd,19,11,5,3,,,,38,2.0,,,,,19,8,3,8,,,,27,1.42,,,,,2011-2012
6,Chelsea,19,12,3,4,,,,39,2.05,,,,,19,6,7,6,,,,25,1.32,,,,,2011-2012
7,Everton,19,10,3,6,,,,33,1.74,,,,,19,5,8,6,,,,23,1.21,,,,,2011-2012
8,Liverpool,19,6,9,4,,,,27,1.42,,,,,19,8,1,10,,,,25,1.32,,,,,2011-2012
9,Fulham,19,10,5,4,,,,35,1.84,,,,,19,4,5,10,,,,17,0.89,,,,,2011-2012
10,West Brom,19,6,3,10,,,,21,1.11,,,,,19,7,5,7,,,,26,1.37,,,,,2011-2012
11,Swansea City,19,8,7,4,,,,31,1.63,,,,,19,4,4,11,,,,16,0.84,,,,,2011-2012
12,Norwich City,19,7,6,6,,,,27,1.42,,,,,19,5,5,9,,,,20,1.05,,,,,2011-2012
13,Sunderland,19,7,7,5,,,,28,1.47,,,,,19,4,5,10,,,,17,0.89,,,,,2011-2012
14,Stoke City,19,7,8,4,,,,29,1.53,,,,,19,4,4,11,,,,16,0.84,,,,,2011-2012
15,Wigan Athletic,19,5,7,7,,,,22,1.16,,,,,19,6,3,10,,,,21,1.11,,,,,2011-2012
16,Aston Villa,19,4,7,8,,,,19,1.0,,,,,19,3,10,6,,,,19,1.0,,,,,2011-2012
17,QPR,19,7,5,7,,,,26,1.37,,,,,19,3,2,14,,,,11,0.58,,,,,2011-2012
18,Bolton,19,4,4,11,,,,16,0.84,,,,,19,6,2,11,,,,20,1.05,,,,,2011-2012
19,Blackburn,19,6,1,12,,,,19,1.0,,,,,19,2,6,11,,,,12,0.63,,,,,2011-2012
20,Wolves,19,3,3,13,,,,12,0.63,,,,,19,2,7,10,,,,13,0.68,,,,,2011-2012
1,Manchester Utd,19,18,1,0,,,,55,2.89,,,,,19,5,10,4,,,,25,1.32,,,,,2010-2011
2,Chelsea,19,14,3,2,,,,45,2.37,,,,,19,7,5,7,,,,26,1.37,,,,,2010-2011
3,Manchester City,19,13,4,2,,,,43,2.26,,,,,19,8,4,7,,,,28,1.47,,,,,2010-2011
4,Arsenal,19,11,4,4,,,,37,1.95,,,,,19,8,7,4,,,,31,1.63,,,,,2010-2011
5,Tottenham,19,9,9,1,,,,36,1.89,,,,,19,7,5,7,,,,26,1.37,,,,,2010-2011
6,Liverpool,19,12,4,3,,,,40,2.11,,,,,19,5,3,11,,,,18,0.95,,,,,2010-2011
7,Everton,19,9,7,3,,,,34,1.79,,,,,19,4,8,7,,,,20,1.05,,,,,2010-2011
8,Fulham,19,8,7,4,,,,31,1.63,,,,,19,3,9,7,,,,18,0.95,,,,,2010-2011
9,Aston Villa,19,8,7,4,,,,31,1.63,,,,,19,4,5,10,,,,17,0.89,,,,,2010-2011
10,Sunderland,19,7,5,7,,,,26,1.37,,,,,19,5,6,8,,,,21,1.11,,,,,2010-2011
11,West Brom,19,8,6,5,,,,30,1.58,,,,,19,4,5,10,,,,17,0.89,,,,,2010-2011
12,Newcastle Utd,19,6,8,5,,,,26,1.37,,,,,19,5,5,9,,,,20,1.05,,,,,2010-2011
13,Stoke City,19,10,4,5,,,,34,1.79,,,,,19,3,3,13,,,,12,0.63,,,,,2010-2011
14,Bolton,19,10,5,4,,,,35,1.84,,,,,19,2,5,12,,,,11,0.58,,,,,2010-2011
15,Blackburn,19,7,7,5,,,,28,1.47,,,,,19,4,3,12,,,,15,0.79,,,,,2010-2011
16,Wigan Athletic,19,5,8,6,,,,23,1.21,,,,,19,4,7,8,,,,19,1.0,,,,,2010-2011
17,Wolves,19,8,4,7,,,,28,1.47,,,,,19,3,3,13,,,,12,0.63,,,,,2010-2011
18,Birmingham City,19,6,8,5,,,,26,1.37,,,,,19,2,7,10,,,,13,0.68,,,,,2010-2011
19,Blackpool,19,5,5,9,,,,20,1.05,,,,,19,5,4,10,,,,19,1.0,,,,,2010-2011
20,West Ham,19,5,5,9,,,,20,1.05,,,,,19,2,7,10,,,,13,0.68,,,,,2010-2011
1,Chelsea,19,17,1,1,,,,52,2.74,,,,,19,10,4,5,,,,34,1.79,,,,,2009-2010
2,Manchester Utd,19,16,1,2,,,,49,2.58,,,,,19,11,3,5,,,,36,1.89,,,,,2009-2010
3,Arsenal,19,15,2,2,,,,47,2.47,,,,,19,8,4,7,,,,28,1.47,,,,,2009-2010
4,Tottenham,19,14,2,3,,,,44,2.32,,,,,19,7,5,7,,,,26,1.37,,,,,2009-2010
5,Manchester City,19,12,4,3,,,,40,2.11,,,,,19,6,9,4,,,,27,1.42,,,,,2009-2010
6,Aston Villa,19,8,8,3,,,,32,1.68,,,,,19,9,5,5,,,,32,1.68,,,,,2009-2010
7,Liverpool,19,13,3,3,,,,42,2.21,,,,,19,5,6,8,,,,21,1.11,,,,,2009-2010
8,Everton,19,11,6,2,,,,39,2.05,,,,,19,5,7,7,,,,22,1.16,,,,,2009-2010
9,Birmingham City,19,8,9,2,,,,33,1.74,,,,,19,5,2,12,,,,17,0.89,,,,,2009-2010
10,Blackburn,19,10,6,3,,,,36,1.89,,,,,19,3,5,11,,,,14,0.74,,,,,2009-2010
11,Stoke City,19,7,6,6,,,,27,1.42,,,,,19,4,8,7,,,,20,1.05,,,,,2009-2010
12,Fulham,19,11,3,5,,,,36,1.89,,,,,19,1,7,11,,,,10,0.53,,,,,2009-2010
13,Sunderland,19,9,7,3,,,,34,1.79,,,,,19,2,4,13,,,,10,0.53,,,,,2009-2010
14,Bolton,19,6,6,7,,,,24,1.26,,,,,19,4,3,12,,,,15,0.79,,,,,2009-2010
15,Wolves,19,5,6,8,,,,21,1.11,,,,,19,4,5,10,,,,17,0.89,,,,,2009-2010
16,Wigan Athletic,19,6,7,6,,,,25,1.32,,,,,19,3,2,14,,,,11,0.58,,,,,2009-2010
17,West Ham,19,7,5,7,,,,26,1.37,,,,,19,1,6,12,,,,9,0.47,,,,,2009-2010
18,Burnley,19,7,5,7,,,,26,1.37,,,,,19,1,1,17,,,,4,0.21,,,,,2009-2010
19,Hull City,19,6,6,7,,,,24,1.26,,,,,19,0,6,13,,,,6,0.32,,,,,2009-2010
20,Portsmouth,19,5,3,11,,,,18,0.95,,,,,19,2,4,13,,,,10,0.53,,,,,2009-2010
1,Manchester Utd,19,16,2,1,,,,50,2.63,,,,,19,12,4,3,,,,40,2.11,,,,,2008-2009
2,Liverpool,19,12,7,0,,,,43,2.26,,,,,19,13,4,2,,,,43,2.26,,,,,2008-2009
3,Chelsea,19,11,6,2,,,,39,2.05,,,,,19,14,2,3,,,,44,2.32,,,,,2008-2009
4,Arsenal,19,11,5,3,,,,38,2.0,,,,,19,9,7,3,,,,34,1.79,,,,,2008-2009
5,Everton,19,8,6,5,,,,30,1.58,,,,,19,9,6,4,,,,33,1.74,,,,,2008-2009
6,Aston Villa,19,7,9,3,,,,30,1.58,,,,,19,10,2,7,,,,32,1.68,,,,,2008-2009
7,Fulham,19,11,3,5,,,,36,1.89,,,,,19,3,8,8,,,,17,0.89,,,,,2008-2009
8,Tottenham,19,10,5,4,,,,35,1.84,,,,,19,4,4,11,,,,16,0.84,,,,,2008-2009
9,West Ham,19,9,2,8,,,,29,1.53,,,,,19,5,7,7,,,,22,1.16,,,,,2008-2009
10,Manchester City,19,13,0,6,,,,39,2.05,,,,,19,2,5,12,,,,11,0.58,,,,,2008-2009
11,Wigan Athletic,19,8,5,6,,,,29,1.53,,,,,19,4,4,11,,,,16,0.84,,,,,2008-2009
12,Stoke City,19,10,5,4,,,,35,1.84,,,,,19,2,4,13,,,,10,0.53,,,,,2008-2009
13,Bolton,19,7,5,7,,,,26,1.37,,,,,19,4,3,12,,,,15,0.79,,,,,2008-2009
14,Portsmouth,19,8,3,8,,,,27,1.42,,,,,19,2,8,9,,,,14,0.74,,,,,2008-2009
15,Blackburn,19,6,7,6,,,,25,1.32,,,,,19,4,4,11,,,,16,0.84,,,,,2008-2009
16,Sunderland,19,6,3,10,,,,21,1.11,,,,,19,3,6,10,,,,15,0.79,,,,,2008-2009
17,Hull City,19,3,5,11,,,,14,0.74,,,,,19,5,6,8,,,,21,1.11,,,,,2008-2009
18,Newcastle Utd,19,5,7,7,,,,22,1.16,,,,,19,2,6,11,,,,12,0.63,,,,,2008-2009
19,Middlesbrough,19,5,9,5,,,,24,1.26,,,,,19,2,2,15,,,,8,0.42,,,,,2008-2009
20,West Brom,19,7,3,9,,,,24,1.26,,,,,19,1,5,13,,,,8,0.42,,,,,2008-2009
1,Manchester Utd,19,17,1,1,,,,52,2.74,,,,,19,10,5,4,,,,35,1.84,,,,,2007-2008
2,Chelsea,19,12,7,0,,,,43,2.26,,,,,19,13,3,3,,,,42,2.21,,,,,2007-2008
3,Arsenal,19,14,5,0,,,,47,2.47,,,,,19,10,6,3,,,,36,1.89,,,,,2007-2008
4,Liverpool,19,12,6,1,,,,42,2.21,,,,,19,9,7,3,,,,34,1.79,,,,,2007-2008
5,Everton,19,11,4,4,,,,37,1.95,,,,,19,8,4,7,,,,28,1.47,,,,,2007-2008
6,Aston Villa,19,10,3,6,,,,33,1.74,,,,,19,6,9,4,,,,27,1.42,,,,,2007-2008
7,Blackburn,19,8,7,4,,,,31,1.63,,,,,19,7,6,6,,,,27,1.42,,,,,2007-2008
8,Portsmouth,19,7,8,4,,,,29,1.53,,,,,19,9,1,9,,,,28,1.47,,,,,2007-2008
9,Manchester City,19,11,4,4,,,,37,1.95,,,,,19,4,6,9,,,,18,0.95,,,,,2007-2008
10,West Ham,19,7,7,5,,,,28,1.47,,,,,19,6,3,10,,,,21,1.11,,,,,2007-2008
11,Tottenham,19,8,5,6,,,,29,1.53,,,,,19,3,8,8,,,,17,0.89,,,,,2007-2008
12,Newcastle Utd,19,8,5,6,,,,29,1.53,,,,,19,3,5,11,,,,14,0.74,,,,,2007-2008
13,Middlesbrough,19,7,5,7,,,,26,1.37,,,,,19,3,7,9,,,,16,0.84,,,,,2007-2008
14,Wigan Athletic,19,8,5,6,,,,29,1.53,,,,,19,2,5,12,,,,11,0.58,,,,,2007-2008
15,Sunderland,19,9,3,7,,,,30,1.58,,,,,19,2,3,14,,,,9,0.47,,,,,2007-2008
16,Bolton,19,7,5,7,,,,26,1.37,,,,,19,2,5,12,,,,11,0.58,,,,,2007-2008
17,Fulham,19,5,5,9,,,,20,1.05,,,,,19,3,7,9,,,,16,0.84,,,,,2007-2008
18,Reading,19,8,2,9,,,,26,1.37,,,,,19,2,4,13,,,,10,0.53,,,,,2007-2008
19,Birmingham City,19,6,8,5,,,,26,1.37,,,,,19,2,3,14,,,,9,0.47,,,,,2007-2008
20,Derby County,19,1,5,13,,,,8,0.42,,,,,19,0,3,16,,,,3,0.16,,,,,2007-2008
1,Manchester Utd,19,15,2,2,,,,47,2.47,,,,,19,13,3,3,,,,42,2.21,,,,,2006-2007
2,Chelsea,19,12,7,0,,,,43,2.26,,,,,19,12,4,3,,,,40,2.11,,,,,2006-2007
3,Liverpool,19,14,4,1,,,,46,2.42,,,,,19,6,4,9,,,,22,1.16,,,,,2006-2007
4,Arsenal,19,12,6,1,,,,42,2.21,,,,,19,7,5,7,,,,26,1.37,,,,,2006-2007
5,Tottenham,19,12,3,4,,,,39,2.05,,,,,19,5,6,8,,,,21,1.11,,,,,2006-2007
6,Everton,19,11,4,4,,,,37,1.95,,,,,19,4,9,6,,,,21,1.11,,,,,2006-2007
7,Bolton,19,9,5,5,,,,32,1.68,,,,,19,7,3,9,,,,24,1.26,,,,,2006-2007
8,Reading,19,11,2,6,,,,35,1.84,,,,,19,5,5,9,,,,20,1.05,,,,,2006-2007
9,Portsmouth,19,11,5,3,,,,38,2.0,,,,,19,3,7,9,,,,16,0.84,,,,,2006-2007
10,Blackburn,19,9,3,7,,,,30,1.58,,,,,19,6,4,9,,,,22,1.16,,,,,2006-2007
11,Aston Villa,19,7,8,4,,,,29,1.53,,,,,19,4,9,6,,,,21,1.11,,,,,2006-2007
12,Middlesbrough,19,10,3,6,,,,33,1.74,,,,,19,2,7,10,,,,13,0.68,,,,,2006-2007
13,Newcastle Utd,19,7,7,5,,,,28,1.47,,,,,19,4,3,12,,,,15,0.79,,,,,2006-2007
14,Manchester City,19,5,6,8,,,,21,1.11,,,,,19,6,3,10,,,,21,1.11,,,,,2006-2007
15,West Ham,19,8,2,9,,,,26,1.37,,,,,19,4,3,12,,,,15,0.79,,,,,2006-2007
16,Fulham,19,7,7,5,,,,28,1.47,,,,,19,1,8,10,,,,11,0.58,,,,,2006-2007
17,Wigan Athletic,19,5,4,10,,,,19,1.0,,,,,19,5,4,10,,,,19,1.0,,,,,2006-2007
18,Sheffield Utd,19,7,6,6,,,,27,1.42,,,,,19,3,2,14,,,,11,0.58,,,,,2006-2007
19,Charlton Ath,19,7,5,7,,,,26,1.37,,,,,19,1,5,13,,,,8,0.42,,,,,2006-2007
20,Watford,19,3,9,7,,,,18,0.95,,,,,19,2,4,13,,,,10,0.53,,,,,2006-2007
1,Chelsea,19,18,1,0,,,,55,2.89,,,,,19,11,3,5,,,,36,1.89,,,,,2005-2006
2,Manchester Utd,19,13,5,1,,,,44,2.32,,,,,19,12,3,4,,,,39,2.05,,,,,2005-2006
3,Liverpool,19,15,3,1,,,,48,2.53,,,,,19,10,4,5,,,,34,1.79,,,,,2005-2006
4,Arsenal,19,14,3,2,,,,45,2.37,,,,,19,6,4,9,,,,22,1.16,,,,,2005-2006
5,Tottenham,19,12,5,2,,,,41,2.16,,,,,19,6,6,7,,,,24,1.26,,,,,2005-2006
6,Blackburn,19,13,3,3,,,,42,2.21,,,,,19,6,3,10,,,,21,1.11,,,,,2005-2006
7,Newcastle Utd,19,11,5,3,,,,38,2.0,,,,,19,6,2,11,,,,20,1.05,,,,,2005-2006
8,Bolton,19,11,5,3,,,,38,2.0,,,,,19,4,6,9,,,,18,0.95,,,,,2005-2006
9,West Ham,19,9,3,7,,,,30,1.58,,,,,19,7,4,8,,,,25,1.32,,,,,2005-2006
10,Wigan Athletic,19,7,3,9,,,,24,1.26,,,,,19,8,3,8,,,,27,1.42,,,,,2005-2006
11,Everton,19,8,4,7,,,,28,1.47,,,,,19,6,4,9,,,,22,1.16,,,,,2005-2006
12,Fulham,19,13,2,4,,,,41,2.16,,,,,19,1,4,14,,,,7,0.37,,,,,2005-2006
13,Charlton Ath,19,8,4,7,,,,28,1.47,,,,,19,5,4,10,,,,19,1.0,,,,,2005-2006
14,Middlesbrough,19,7,5,7,,,,26,1.37,,,,,19,5,4,10,,,,19,1.0,,,,,2005-2006
15,Manchester City,19,9,2,8,,,,29,1.53,,,,,19,4,2,13,,,,14,0.74,,,,,2005-2006
16,Aston Villa,19,6,6,7,,,,24,1.26,,,,,19,4,6,9,,,,18,0.95,,,,,2005-2006
17,Portsmouth,19,5,7,7,,,,22,1.16,,,,,19,5,1,13,,,,16,0.84,,,,,2005-2006
18,Birmingham City,19,6,5,8,,,,23,1.21,,,,,19,2,5,12,,,,11,0.58,,,,,2005-2006
19,West Brom,19,6,2,11,,,,20,1.05,,,,,19,1,7,11,,,,10,0.53,,,,,2005-2006
20,Sunderland,19,1,4,14,,,,7,0.37,,,,,19,2,2,15,,,,8,0.42,,,,,2005-2006
1,Chelsea,19,14,5,0,,,,47,2.47,,,,,19,15,3,1,,,,48,2.53,,,,,2004-2005
2,Arsenal,19,13,5,1,,,,44,2.32,,,,,19,12,3,4,,,,39,2.05,,,,,2004-2005
3,Manchester Utd,19,12,6,1,,,,42,2.21,,,,,19,10,5,4,,,,35,1.84,,,,,2004-2005
4,Everton,19,12,2,5,,,,38,2.0,,,,,19,6,5,8,,,,23,1.21,,,,,2004-2005
5,Liverpool,19,12,4,3,,,,40,2.11,,,,,19,5,3,11,,,,18,0.95,,,,,2004-2005
6,Bolton,19,9,5,5,,,,32,1.68,,,,,19,7,5,7,,,,26,1.37,,,,,2004-2005
7,Middlesbrough,19,9,6,4,,,,33,1.74,,,,,19,5,7,7,,,,22,1.16,,,,,2004-2005
8,Manchester City,19,8,6,5,,,,30,1.58,,,,,19,5,7,7,,,,22,1.16,,,,,2004-2005
9,Tottenham,19,9,5,5,,,,32,1.68,,,,,19,5,5,9,,,,20,1.05,,,,,2004-2005
10,Aston Villa,19,8,6,5,,,,30,1.58,,,,,19,4,5,10,,,,17,0.89,,,,,2004-2005
11,Charlton Ath,19,8,4,7,,,,28,1.47,,,,,19,4,6,9,,,,18,0.95,,,,,2004-2005
12,Birmingham City,19,8,6,5,,,,30,1.58,,,,,19,3,6,10,,,,15,0.79,,,,,2004-2005
13,Fulham,19,8,4,7,,,,28,1.47,,,,,19,4,4,11,,,,16,0.84,,,,,2004-2005
14,Newcastle Utd,19,7,7,5,,,,28,1.47,,,,,19,3,7,9,,,,16,0.84,,,,,2004-2005
15,Blackburn,19,5,8,6,,,,23,1.21,,,,,19,4,7,8,,,,19,1.0,,,,,2004-2005
16,Portsmouth,19,8,4,7,,,,28,1.47,,,,,19,2,5,12,,,,11,0.58,,,,,2004-2005
17,West Brom,19,5,8,6,,,,23,1.21,,,,,19,1,8,10,,,,11,0.58,,,,,2004-2005
18,Crystal Palace,19,6,5,8,,,,23,1.21,,,,,19,1,7,11,,,,10,0.53,,,,,2004-2005
19,Norwich City,19,7,5,7,,,,26,1.37,,,,,19,0,7,12,,,,7,0.37,,,,,2004-2005
20,Southampton,19,5,9,5,,,,24,1.26,,,,,19,1,5,13,,,,8,0.42,,,,,2004-2005
1,Arsenal,19,15,4,0,,,,49,2.58,,,,,19,11,8,0,,,,41,2.16,,,,,2003-2004
2,Chelsea,19,12,4,3,,,,40,2.11,,,,,19,12,3,4,,,,39,2.05,,,,,2003-2004
3,Manchester Utd,19,12,4,3,,,,40,2.11,,,,,19,11,2,6,,,,35,1.84,,,,,2003-2004
4,Liverpool,19,10,4,5,,,,34,1.79,,,,,19,6,8,5,,,,26,1.37,,,,,2003-2004
5,Newcastle Utd,19,11,5,3,,,,38,2.0,,,,,19,2,12,5,,,,18,0.95,,,,,2003-2004
6,Aston Villa,19,9,6,4,,,,33,1.74,,,,,19,6,5,8,,,,23,1.21,,,,,2003-2004
7,Charlton Ath,19,7,6,6,,,,27,1.42,,,,,19,7,5,7,,,,26,1.37,,,,,2003-2004
8,Bolton,19,6,8,5,,,,26,1.37,,,,,19,8,3,8,,,,27,1.42,,,,,2003-2004
9,Fulham,19,9,4,6,,,,31,1.63,,,,,19,5,6,8,,,,21,1.11,,,,,2003-2004
10,Birmingham City,19,8,5,6,,,,29,1.53,,,,,19,4,9,6,,,,21,1.11,,,,,2003-2004
11,Middlesbrough,19,8,4,7,,,,28,1.47,,,,,19,5,5,9,,,,20,1.05,,,,,2003-2004
12,Southampton,19,8,6,5,,,,30,1.58,,,,,19,4,5,10,,,,17,0.89,,,,,2003-2004
13,Portsmouth,19,10,4,5,,,,34,1.79,,,,,19,2,5,12,,,,11,0.58,,,,,2003-2004
14,Tottenham,19,9,4,6,,,,31,1.63,,,,,19,4,2,13,,,,14,0.74,,,,,2003-2004
15,Blackburn,19,5,4,10,,,,19,1.0,,,,,19,7,4,8,,,,25,1.32,,,,,2003-2004
16,Manchester City,19,5,9,5,,,,24,1.26,,,,,19,4,5,10,,,,17,0.89,,,,,2003-2004
17,Everton,19,8,5,6,,,,29,1.53,,,,,19,1,7,11,,,,10,0.53,,,,,2003-2004
18,Leicester City,19,3,10,6,,,,19,1.0,,,,,19,3,5,11,,,,14,0.74,,,,,2003-2004
19,Leeds United,19,5,7,7,,,,22,1.16,,,,,19,3,2,14,,,,11,0.58,,,,,2003-2004
20,Wolves,19,7,5,7,,,,26,1.37,,,,,19,0,7,12,,,,7,0.37,,,,,2003-2004
1,Manchester Utd,19,16,2,1,,,,50,2.63,,,,,19,9,6,4,,,,33,1.74,,,,,2002-2003
2,Arsenal,19,15,2,2,,,,47,2.47,,,,,19,8,7,4,,,,31,1.63,,,,,2002-2003
3,Newcastle Utd,19,15,2,2,,,,47,2.47,,,,,19,6,4,9,,,,22,1.16,,,,,2002-2003
4,Chelsea,19,12,5,2,,,,41,2.16,,,,,19,7,5,7,,,,26,1.37,,,,,2002-2003
5,Liverpool,19,9,8,2,,,,35,1.84,,,,,19,9,2,8,,,,29,1.53,,,,,2002-2003
6,Blackburn,19,9,7,3,,,,34,1.79,,,,,19,7,5,7,,,,26,1.37,,,,,2002-2003
7,Everton,19,11,5,3,,,,38,2.0,,,,,19,6,3,10,,,,21,1.11,,,,,2002-2003
8,Southampton,19,9,8,2,,,,35,1.84,,,,,19,4,5,10,,,,17,0.89,,,,,2002-2003
9,Manchester City,19,9,2,8,,,,29,1.53,,,,,19,6,4,9,,,,22,1.16,,,,,2002-2003
10,Tottenham,19,9,4,6,,,,31,1.63,,,,,19,5,4,10,,,,19,1.0,,,,,2002-2003
11,Middlesbrough,19,10,7,2,,,,37,1.95,,,,,19,3,3,13,,,,12,0.63,,,,,2002-2003
12,Charlton Ath,19,8,3,8,,,,27,1.42,,,,,19,6,4,9,,,,22,1.16,,,,,2002-2003
13,Birmingham City,19,8,5,6,,,,29,1.53,,,,,19,5,4,10,,,,19,1.0,,,,,2002-2003
14,Fulham,19,11,3,5,,,,36,1.89,,,,,19,2,6,11,,,,12,0.63,,,,,2002-2003
15,Leeds United,19,7,3,9,,,,24,1.26,,,,,19,7,2,10,,,,23,1.21,,,,,2002-2003
16,Aston Villa,19,11,2,6,,,,35,1.84,,,,,19,1,7,11,,,,10,0.53,,,,,2002-2003
17,Bolton,19,7,8,4,,,,29,1.53,,,,,19,3,6,10,,,,15,0.79,,,,,2002-2003
18,West Ham,19,5,7,7,,,,22,1.16,,,,,19,5,5,9,,,,20,1.05,,,,,2002-2003
19,West Brom,19,3,5,11,,,,14,0.74,,,,,19,3,3,13,,,,12,0.63,,,,,2002-2003
20,Sunderland,19,3,2,14,,,,11,0.58,,,,,19,1,5,13,,,,8,0.42,,,,,2002-2003
1,Arsenal,19,12,4,3,,,,40,2.11,,,,,19,14,5,0,,,,47,2.47,,,,,2001-2002
2,Liverpool,19,12,5,2,,,,41,2.16,,,,,19,12,3,4,,,,39,2.05,,,,,2001-2002
3,Manchester Utd,19,11,2,6,,,,35,1.84,,,,,19,13,3,3,,,,42,2.21,,,,,2001-2002
4,Newcastle Utd,19,12,3,4,,,,39,2.05,,,,,19,9,5,5,,,,32,1.68,,,,,2001-2002
5,Leeds United,19,9,6,4,,,,33,1.74,,,,,19,9,6,4,,,,33,1.74,,,,,2001-2002
6,Chelsea,19,11,4,4,,,,37,1.95,,,,,19,6,9,4,,,,27,1.42,,,,,2001-2002
7,West Ham,19,12,4,3,,,,40,2.11,,,,,19,3,4,12,,,,13,0.68,,,,,2001-2002
8,Aston Villa,19,8,7,4,,,,31,1.63,,,,,19,4,7,8,,,,19,1.0,,,,,2001-2002
9,Tottenham,19,10,4,5,,,,34,1.79,,,,,19,4,4,11,,,,16,0.84,,,,,2001-2002
10,Blackburn,19,8,6,5,,,,30,1.58,,,,,19,4,4,11,,,,16,0.84,,,,,2001-2002
11,Southampton,19,7,5,7,,,,26,1.37,,,,,19,5,4,10,,,,19,1.0,,,,,2001-2002
12,Middlesbrough,19,7,5,7,,,,26,1.37,,,,,19,5,4,10,,,,19,1.0,,,,,2001-2002
13,Fulham,19,7,7,5,,,,28,1.47,,,,,19,3,7,9,,,,16,0.84,,,,,2001-2002
14,Charlton Ath,19,5,6,8,,,,21,1.11,,,,,19,5,8,6,,,,23,1.21,,,,,2001-2002
15,Everton,19,8,4,7,,,,28,1.47,,,,,19,3,6,10,,,,15,0.79,,,,,2001-2002
16,Bolton,19,5,7,7,,,,22,1.16,,,,,19,4,6,9,,,,18,0.95,,,,,2001-2002
17,Sunderland,19,7,7,5,,,,28,1.47,,,,,19,3,3,13,,,,12,0.63,,,,,2001-2002
18,Ipswich Town,19,6,4,9,,,,22,1.16,,,,,19,3,5,11,,,,14,0.74,,,,,2001-2002
19,Derby County,19,5,4,10,,,,19,1.0,,,,,19,3,2,14,,,,11,0.58,,,,,2001-2002
20,Leicester City,19,3,7,9,,,,16,0.84,,,,,19,2,6,11,,,,12,0.63,,,,,2001-2002
1,Manchester Utd,19,15,2,2,,,,47,2.47,,,,,19,9,6,4,,,,33,1.74,,,,,2000-2001
2,Arsenal,19,15,3,1,,,,48,2.53,,,,,19,5,7,7,,,,22,1.16,,,,,2000-2001
3,Liverpool,19,13,4,2,,,,43,2.26,,,,,19,7,5,7,,,,26,1.37,,,,,2000-2001
4,Leeds United,19,11,3,5,,,,36,1.89,,,,,19,9,5,5,,,,32,1.68,,,,,2000-2001
5,Ipswich Town,19,11,5,3,,,,38,2.0,,,,,19,9,1,9,,,,28,1.47,,,,,2000-2001
6,Chelsea,19,13,3,3,,,,42,2.21,,,,,19,4,7,8,,,,19,1.0,,,,,2000-2001
7,Sunderland,19,9,7,3,,,,34,1.79,,,,,19,6,5,8,,,,23,1.21,,,,,2000-2001
8,Aston Villa,19,8,8,3,,,,32,1.68,,,,,19,5,7,7,,,,22,1.16,,,,,2000-2001
9,Charlton Ath,19,11,5,3,,,,38,2.0,,,,,19,3,5,11,,,,14,0.74,,,,,2000-2001
10,Southampton,19,11,2,6,,,,35,1.84,,,,,19,3,8,8,,,,17,0.89,,,,,2000-2001
11,Newcastle Utd,19,10,4,5,,,,34,1.79,,,,,19,4,5,10,,,,17,0.89,,,,,2000-2001
12,Tottenham,19,11,6,2,,,,39,2.05,,,,,19,2,4,13,,,,10,0.53,,,,,2000-2001
13,Leicester City,19,10,4,5,,,,34,1.79,,,,,19,4,2,13,,,,14,0.74,,,,,2000-2001
14,Middlesbrough,19,4,7,8,,,,19,1.0,,,,,19,5,8,6,,,,23,1.21,,,,,2000-2001
15,West Ham,19,6,6,7,,,,24,1.26,,,,,19,4,6,9,,,,18,0.95,,,,,2000-2001
16,Everton,19,6,8,5,,,,26,1.37,,,,,19,5,1,13,,,,16,0.84,,,,,2000-2001
17,Derby County,19,8,7,4,,,,31,1.63,,,,,19,2,5,12,,,,11,0.58,,,,,2000-2001
18,Manchester City,19,4,3,12,,,,15,0.79,,,,,19,4,7,8,,,,19,1.0,,,,,2000-2001
19,Coventry City,19,4,7,8,,,,19,1.0,,,,,19,4,3,12,,,,15,0.79,,,,,2000-2001
20,Bradford City,19,4,7,8,,,,19,1.0,,,,,19,1,4,14,,,,7,0.37,,,,,2000-2001
1,Manchester Utd,19,15,4,0,,,,49,2.58,,,,,19,13,3,3,,,,42,2.21,,,,,1999-2000
2,Arsenal,19,14,3,2,,,,45,2.37,,,,,19,8,4,7,,,,28,1.47,,,,,1999-2000
3,Leeds United,19,12,2,5,,,,38,2.0,,,,,19,9,4,6,,,,31,1.63,,,,,1999-2000
4,Liverpool,19,11,4,4,,,,37,1.95,,,,,19,8,6,5,,,,30,1.58,,,,,1999-2000
5,Chelsea,19,12,5,2,,,,41,2.16,,,,,19,6,6,7,,,,24,1.26,,,,,1999-2000
6,Aston Villa,19,8,8,3,,,,32,1.68,,,,,19,7,5,7,,,,26,1.37,,,,,1999-2000
7,Sunderland,19,10,6,3,,,,36,1.89,,,,,19,6,4,9,,,,22,1.16,,,,,1999-2000
8,Leicester City,19,10,3,6,,,,33,1.74,,,,,19,6,4,9,,,,22,1.16,,,,,1999-2000
9,West Ham,19,11,5,3,,,,38,2.0,,,,,19,4,5,10,,,,17,0.89,,,,,1999-2000
10,Tottenham,19,10,3,6,,,,33,1.74,,,,,19,5,5,9,,,,20,1.05,,,,,1999-2000
11,Newcastle Utd,19,10,5,4,,,,35,1.84,,,,,19,4,5,10,,,,17,0.89,,,,,1999-2000
12,Middlesbrough,19,8,5,6,,,,29,1.53,,,,,19,6,5,8,,,,23,1.21,,,,,1999-2000
13,Everton,19,7,9,3,,,,30,1.58,,,,,19,5,5,9,,,,20,1.05,,,,,1999-2000
14,Coventry City,19,12,1,6,,,,37,1.95,,,,,19,0,7,12,,,,7,0.37,,,,,1999-2000
15,Southampton,19,8,4,7,,,,28,1.47,,,,,19,4,4,11,,,,16,0.84,,,,,1999-2000
16,Derby County,19,6,3,10,,,,21,1.11,,,,,19,3,8,8,,,,17,0.89,,,,,1999-2000
17,Bradford City,19,6,8,5,,,,26,1.37,,,,,19,3,1,15,,,,10,0.53,,,,,1999-2000
18,Wimbledon,19,6,7,6,,,,25,1.32,,,,,19,1,5,13,,,,8,0.42,,,,,1999-2000
19,Sheffield Weds,19,6,3,10,,,,21,1.11,,,,,19,2,4,13,,,,10,0.53,,,,,1999-2000
20,Watford,19,5,4,10,,,,19,1.0,,,,,19,1,2,16,,,,5,0.26,,,,,1999-2000
1,Manchester Utd,19,14,4,1,,,,46,2.42,,,,,19,8,9,2,,,,33,1.74,,,,,1998-1999
2,Arsenal,19,14,5,0,,,,47,2.47,,,,,19,8,7,4,,,,31,1.63,,,,,1998-1999
3,Chelsea,19,12,6,1,,,,42,2.21,,,,,19,8,9,2,,,,33,1.74,,,,,1998-1999
4,Leeds United,19,12,5,2,,,,41,2.16,,,,,19,6,8,5,,,,26,1.37,,,,,1998-1999
5,West Ham,19,11,3,5,,,,36,1.89,,,,,19,5,6,8,,,,21,1.11,,,,,1998-1999
6,Aston Villa,19,10,3,6,,,,33,1.74,,,,,19,5,7,7,,,,22,1.16,,,,,1998-1999
7,Liverpool,19,10,5,4,,,,35,1.84,,,,,19,5,4,10,,,,19,1.0,,,,,1998-1999
8,Derby County,19,8,7,4,,,,31,1.63,,,,,19,5,6,8,,,,21,1.11,,,,,1998-1999
9,Middlesbrough,19,7,9,3,,,,30,1.58,,,,,19,5,6,8,,,,21,1.11,,,,,1998-1999
10,Leicester City,19,7,6,6,,,,27,1.42,,,,,19,5,7,7,,,,22,1.16,,,,,1998-1999
11,Tottenham,19,7,7,5,,,,28,1.47,,,,,19,4,7,8,,,,19,1.0,,,,,1998-1999
12,Sheffield Weds,19,7,5,7,,,,26,1.37,,,,,19,6,2,11,,,,20,1.05,,,,,1998-1999
13,Newcastle Utd,19,7,6,6,,,,27,1.42,,,,,19,4,7,8,,,,19,1.0,,,,,1998-1999
14,Everton,19,6,8,5,,,,26,1.37,,,,,19,5,2,12,,,,17,0.89,,,,,1998-1999
15,Coventry City,19,8,6,5,,,,30,1.58,,,,,19,3,3,13,,,,12,0.63,,,,,1998-1999
16,Wimbledon,19,7,7,5,,,,28,1.47,,,,,19,3,5,11,,,,14,0.74,,,,,1998-1999
17,Southampton,19,9,4,6,,,,31,1.63,,,,,19,2,4,13,,,,10,0.53,,,,,1998-1999
18,Charlton Ath,19,4,7,8,,,,19,1.0,,,,,19,4,5,10,,,,17,0.89,,,,,1998-1999
19,Blackburn,19,6,5,8,,,,23,1.21,,,,,19,1,9,9,,,,12,0.63,,,,,1998-1999
20,Nott'ham Forest,19,3,7,9,,,,16,0.84,,,,,19,4,2,13,,,,14,0.74,,,,,1998-1999
1,Arsenal,19,15,2,2,,,,47,2.47,,,,,19,8,7,4,,,,31,1.63,,,,,1997-1998
2,Manchester Utd,19,13,4,2,,,,43,2.26,,,,,19,10,4,5,,,,34,1.79,,,,,1997-1998
3,Liverpool,19,13,2,4,,,,41,2.16,,,,,19,5,9,5,,,,24,1.26,,,,,1997-1998
4,Chelsea,19,13,2,4,,,,41,2.16,,,,,19,7,1,11,,,,22,1.16,,,,,1997-1998
5,Leeds United,19,9,5,5,,,,32,1.68,,,,,19,8,3,8,,,,27,1.42,,,,,1997-1998
6,Blackburn,19,11,4,4,,,,37,1.95,,,,,19,5,6,8,,,,21,1.11,,,,,1997-1998
7,Aston Villa,19,9,3,7,,,,30,1.58,,,,,19,8,3,8,,,,27,1.42,,,,,1997-1998
8,West Ham,19,13,4,2,,,,43,2.26,,,,,19,3,4,12,,,,13,0.68,,,,,1997-1998
9,Derby County,19,12,3,4,,,,39,2.05,,,,,19,4,4,11,,,,16,0.84,,,,,1997-1998
10,Leicester City,19,6,10,3,,,,28,1.47,,,,,19,7,4,8,,,,25,1.32,,,,,1997-1998
11,Coventry City,19,8,9,2,,,,33,1.74,,,,,19,4,7,8,,,,19,1.0,,,,,1997-1998
12,Southampton,19,10,1,8,,,,31,1.63,,,,,19,4,5,10,,,,17,0.89,,,,,1997-1998
13,Newcastle Utd,19,8,5,6,,,,29,1.53,,,,,19,3,6,10,,,,15,0.79,,,,,1997-1998
14,Tottenham,19,7,8,4,,,,29,1.53,,,,,19,4,3,12,,,,15,0.79,,,,,1997-1998
15,Wimbledon,19,5,6,8,,,,21,1.11,,,,,19,5,8,6,,,,23,1.21,,,,,1997-1998
16,Sheffield Weds,19,9,5,5,,,,32,1.68,,,,,19,3,3,13,,,,12,0.63,,,,,1997-1998
17,Everton,19,7,5,7,,,,26,1.37,,,,,19,2,8,9,,,,14,0.74,,,,,1997-1998
18,Bolton,19,7,8,4,,,,29,1.53,,,,,19,2,5,12,,,,11,0.58,,,,,1997-1998
19,Barnsley,19,7,4,8,,,,25,1.32,,,,,19,3,1,15,,,,10,0.53,,,,,1997-1998
20,Crystal Palace,19,2,5,12,,,,11,0.58,,,,,19,6,4,9,,,,22,1.16,,,,,1997-1998
1,Manchester Utd,19,12,5,2,,,,41,2.16,,,,,19,9,7,3,,,,34,1.79,,,,,1996-1997
2,Newcastle Utd,19,13,3,3,,,,42,2.21,,,,,19,6,8,5,,,,26,1.37,,,,,1996-1997
3,Arsenal,19,10,5,4,,,,35,1.84,,,,,19,9,6,4,,,,33,1.74,,,,,1996-1997
4,Liverpool,19,10,6,3,,,,36,1.89,,,,,19,9,5,5,,,,32,1.68,,,,,1996-1997
5,Aston Villa,19,11,5,3,,,,38,2.0,,,,,19,6,5,8,,,,23,1.21,,,,,1996-1997
6,Chelsea,19,9,8,2,,,,35,1.84,,,,,19,7,3,9,,,,24,1.26,,,,,1996-1997
7,Sheffield Weds,19,8,10,1,,,,34,1.79,,,,,19,6,5,8,,,,23,1.21,,,,,1996-1997
8,Wimbledon,19,9,6,4,,,,33,1.74,,,,,19,6,5,8,,,,23,1.21,,,,,1996-1997
9,Leicester City,19,7,5,7,,,,26,1.37,,,,,19,5,6,8,,,,21,1.11,,,,,1996-1997
10,Tottenham,19,8,4,7,,,,28,1.47,,,,,19,5,3,11,,,,18,0.95,,,,,1996-1997
11,Leeds United,19,7,7,5,,,,28,1.47,,,,,19,4,6,9,,,,18,0.95,,,,,1996-1997
12,Derby County,19,8,6,5,,,,30,1.58,,,,,19,3,7,9,,,,16,0.84,,,,,1996-1997
13,Blackburn,19,8,4,7,,,,28,1.47,,,,,19,1,11,7,,,,14,0.74,,,,,1996-1997
14,West Ham,19,7,6,6,,,,27,1.42,,,,,19,3,6,10,,,,15,0.79,,,,,1996-1997
15,Everton,19,7,4,8,,,,25,1.32,,,,,19,3,8,8,,,,17,0.89,,,,,1996-1997
16,Southampton,19,6,7,6,,,,25,1.32,,,,,19,4,4,11,,,,16,0.84,,,,,1996-1997
17,Coventry City,19,4,8,7,,,,20,1.05,,,,,19,5,6,8,,,,21,1.11,,,,,1996-1997
18,Sunderland,19,7,6,6,,,,27,1.42,,,,,19,3,4,12,,,,13,0.68,,,,,1996-1997
19,Middlesbrough,19,8,5,6,,,,29,1.53,,,,,19,2,7,10,,,,13,0.68,,,,,1996-1997
20,Nott'ham Forest,19,3,9,7,,,,18,0.95,,,,,19,3,7,9,,,,16,0.84,,,,,1996-1997
1,Manchester Utd,19,15,4,0,,,,49,2.58,,,,,19,10,3,6,,,,33,1.74,,,,,1995-1996
2,Newcastle Utd,19,17,1,1,,,,52,2.74,,,,,19,7,5,7,,,,26,1.37,,,,,1995-1996
3,Liverpool,19,14,4,1,,,,46,2.42,,,,,19,6,7,6,,,,25,1.32,,,,,1995-1996
4,Aston Villa,19,11,5,3,,,,38,2.0,,,,,19,7,4,8,,,,25,1.32,,,,,1995-1996
5,Arsenal,19,10,7,2,,,,37,1.95,,,,,19,7,5,7,,,,26,1.37,,,,,1995-1996
6,Everton,19,10,5,4,,,,35,1.84,,,,,19,7,5,7,,,,26,1.37,,,,,1995-1996
7,Blackburn,19,14,2,3,,,,44,2.32,,,,,19,4,5,10,,,,17,0.89,,,,,1995-1996
8,Tottenham,19,9,5,5,,,,32,1.68,,,,,19,7,8,4,,,,29,1.53,,,,,1995-1996
9,Nott'ham Forest,19,11,6,2,,,,39,2.05,,,,,19,4,7,8,,,,19,1.0,,,,,1995-1996
10,West Ham,19,9,5,5,,,,32,1.68,,,,,19,5,4,10,,,,19,1.0,,,,,1995-1996
11,Chelsea,19,7,7,5,,,,28,1.47,,,,,19,5,7,7,,,,22,1.16,,,,,1995-1996
12,Middlesbrough,19,8,3,8,,,,27,1.42,,,,,19,3,7,9,,,,16,0.84,,,,,1995-1996
13,Leeds United,19,8,3,8,,,,27,1.42,,,,,19,4,4,11,,,,16,0.84,,,,,1995-1996
14,Wimbledon,19,5,6,8,,,,21,1.11,,,,,19,5,5,9,,,,20,1.05,,,,,1995-1996
15,Sheffield Weds,19,7,5,7,,,,26,1.37,,,,,19,3,5,11,,,,14,0.74,,,,,1995-1996
16,Coventry City,19,6,7,6,,,,25,1.32,,,,,19,2,7,10,,,,13,0.68,,,,,1995-1996
17,Southampton,19,7,7,5,,,,28,1.47,,,,,19,2,4,13,,,,10,0.53,,,,,1995-1996
18,Manchester City,19,7,7,5,,,,28,1.47,,,,,19,2,4,13,,,,10,0.53,,,,,1995-1996
19,QPR,19,6,5,8,,,,23,1.21,,,,,19,3,1,15,,,,10,0.53,,,,,1995-1996
20,Bolton,19,5,4,10,,,,19,1.0,,,,,19,3,1,15,,,,10,0.53,,,,,1995-1996
1,Blackburn,21,17,2,2,,,,53,2.52,,,,,21,10,6,5,,,,36,1.71,,,,,1994-1995
2,Manchester Utd,21,16,4,1,,,,52,2.48,,,,,21,10,6,5,,,,36,1.71,,,,,1994-1995
3,Nott'ham Forest,21,12,6,3,,,,42,2.0,,,,,21,10,5,6,,,,35,1.67,,,,,1994-1995
4,Liverpool,21,13,5,3,,,,44,2.1,,,,,21,8,6,7,,,,30,1.43,,,,,1994-1995
5,Leeds United,21,13,5,3,,,,44,2.1,,,,,21,7,8,6,,,,29,1.38,,,,,1994-1995
6,Newcastle Utd,21,14,6,1,,,,48,2.29,,,,,21,6,6,9,,,,24,1.14,,,,,1994-1995
7,Tottenham,21,10,5,6,,,,35,1.67,,,,,21,6,9,6,,,,27,1.29,,,,,1994-1995
8,QPR,21,11,3,7,,,,36,1.71,,,,,21,6,6,9,,,,24,1.14,,,,,1994-1995
9,Wimbledon,21,9,5,7,,,,32,1.52,,,,,21,6,6,9,,,,24,1.14,,,,,1994-1995
10,Southampton,21,8,9,4,,,,33,1.57,,,,,21,4,9,8,,,,21,1.0,,,,,1994-1995
11,Chelsea,21,7,7,7,,,,28,1.33,,,,,21,6,8,7,,,,26,1.24,,,,,1994-1995
12,Arsenal,21,6,9,6,,,,27,1.29,,,,,21,7,3,11,,,,24,1.14,,,,,1994-1995
13,Sheffield Weds,21,7,7,7,,,,28,1.33,,,,,21,6,5,10,,,,23,1.1,,,,,1994-1995
14,West Ham,21,9,6,6,,,,33,1.57,,,,,21,4,5,12,,,,17,0.81,,,,,1994-1995
15,Everton,21,8,9,4,,,,33,1.57,,,,,21,3,8,10,,,,17,0.81,,,,,1994-1995
16,Coventry City,21,7,7,7,,,,28,1.33,,,,,21,5,7,9,,,,22,1.05,,,,,1994-1995
17,Manchester City,21,8,7,6,,,,31,1.48,,,,,21,4,6,11,,,,18,0.86,,,,,1994-1995
18,Aston Villa,21,6,9,6,,,,27,1.29,,,,,21,5,6,10,,,,21,1.0,,,,,1994-1995
19,Crystal Palace,21,6,6,9,,,,24,1.14,,,,,21,5,6,10,,,,21,1.0,,,,,1994-1995
20,Norwich City,21,8,8,5,,,,32,1.52,,,,,21,2,5,14,,,,11,0.52,,,,,1994-1995
21,Leicester City,21,5,6,10,,,,21,1.0,,,,,21,1,5,15,,,,8,0.38,,,,,1994-1995
22,Ipswich Town,21,5,3,13,,,,18,0.86,,,,,21,2,3,16,,,,9,0.43,,,,,1994-1995
1,Manchester Utd,21,14,6,1,,,,48,2.29,,,,,21,13,5,3,,,,44,2.1,,,,,1993-1994
2,Blackburn,21,14,5,2,,,,47,2.24,,,,,21,11,4,6,,,,37,1.76,,,,,1993-1994
3,Newcastle Utd,21,14,4,3,,,,46,2.19,,,,,21,9,4,8,,,,31,1.48,,,,,1993-1994
4,Arsenal,21,10,8,3,,,,38,1.81,,,,,21,8,9,4,,,,33,1.57,,,,,1993-1994
5,Leeds United,21,13,6,2,,,,45,2.14,,,,,21,5,10,6,,,,25,1.19,,,,,1993-1994
6,Wimbledon,21,12,5,4,,,,41,1.95,,,,,21,6,6,9,,,,24,1.14,,,,,1993-1994
7,Sheffield Weds,21,10,7,4,,,,37,1.76,,,,,21,6,9,6,,,,27,1.29,,,,,1993-1994
8,Liverpool,21,12,4,5,,,,40,1.9,,,,,21,5,5,11,,,,20,0.95,,,,,1993-1994
9,QPR,21,8,7,6,,,,31,1.48,,,,,21,8,5,8,,,,29,1.38,,,,,1993-1994
10,Aston Villa,21,8,5,8,,,,29,1.38,,,,,21,7,7,7,,,,28,1.33,,,,,1993-1994
11,Coventry City,21,9,7,5,,,,34,1.62,,,,,21,5,7,9,,,,22,1.05,,,,,1993-1994
12,Norwich City,21,4,9,8,,,,21,1.0,,,,,21,8,8,5,,,,32,1.52,,,,,1993-1994
13,West Ham,21,6,7,8,,,,25,1.19,,,,,21,7,6,8,,,,27,1.29,,,,,1993-1994
14,Chelsea,21,11,5,5,,,,38,1.81,,,,,21,2,7,12,,,,13,0.62,,,,,1993-1994
15,Tottenham,21,4,8,9,,,,20,0.95,,,,,21,7,4,10,,,,25,1.19,,,,,1993-1994
16,Manchester City,21,6,10,5,,,,28,1.33,,,,,21,3,8,10,,,,17,0.81,,,,,1993-1994
17,Everton,21,8,4,9,,,,28,1.33,,,,,21,4,4,13,,,,16,0.76,,,,,1993-1994
18,Southampton,21,9,2,10,,,,29,1.38,,,,,21,3,5,13,,,,14,0.67,,,,,1993-1994
19,Ipswich Town,21,5,8,8,,,,23,1.1,,,,,21,4,8,9,,,,20,0.95,,,,,1993-1994
20,Sheffield Utd,21,6,10,5,,,,28,1.33,,,,,21,2,8,11,,,,14,0.67,,,,,1993-1994
21,Oldham Athletic,21,5,8,8,,,,23,1.1,,,,,21,4,5,12,,,,17,0.81,,,,,1993-1994
22,Swindon Town,21,4,7,10,,,,19,0.9,,,,,21,1,8,12,,,,11,0.52,,,,,1993-1994
1,Manchester Utd,21,14,5,2,,,,47,2.24,,,,,21,10,7,4,,,,37,1.76,,,,,1992-1993
2,Aston Villa,21,13,5,3,,,,44,2.1,,,,,21,8,6,7,,,,30,1.43,,,,,1992-1993
3,Norwich City,21,13,6,2,,,,45,2.14,,,,,21,8,3,10,,,,27,1.29,,,,,1992-1993
4,Blackburn,21,13,4,4,,,,43,2.05,,,,,21,7,7,7,,,,28,1.33,,,,,1992-1993
5,QPR,21,11,5,5,,,,38,1.81,,,,,21,6,7,8,,,,25,1.19,,,,,1992-1993
6,Liverpool,21,13,4,4,,,,43,2.05,,,,,21,3,7,11,,,,16,0.76,,,,,1992-1993
7,Sheffield Weds,21,9,8,4,,,,35,1.67,,,,,21,6,6,9,,,,24,1.14,,,,,1992-1993
8,Tottenham,21,11,5,5,,,,38,1.81,,,,,21,5,6,10,,,,21,1.0,,,,,1992-1993
9,Manchester City,21,7,8,6,,,,29,1.38,,,,,21,8,4,9,,,,28,1.33,,,,,1992-1993
10,Arsenal,21,8,6,7,,,,30,1.43,,,,,21,7,5,9,,,,26,1.24,,,,,1992-1993
11,Chelsea,21,9,7,5,,,,34,1.62,,,,,21,5,7,9,,,,22,1.05,,,,,1992-1993
12,Wimbledon,21,9,4,8,,,,31,1.48,,,,,21,5,8,8,,,,23,1.1,,,,,1992-1993
13,Everton,21,7,6,8,,,,27,1.29,,,,,21,8,2,11,,,,26,1.24,,,,,1992-1993
14,Sheffield Utd,21,10,6,5,,,,36,1.71,,,,,21,4,4,13,,,,16,0.76,,,,,1992-1993
15,Coventry City,21,7,4,10,,,,25,1.19,,,,,21,6,9,6,,,,27,1.29,,,,,1992-1993
16,Ipswich Town,21,8,9,4,,,,33,1.57,,,,,21,4,7,10,,,,19,0.9,,,,,1992-1993
17,Leeds United,21,12,8,1,,,,44,2.1,,,,,21,0,7,14,,,,7,0.33,,,,,1992-1993
18,Southampton,21,10,6,5,,,,36,1.71,,,,,21,3,5,13,,,,14,0.67,,,,,1992-1993
19,Oldham Athletic,21,10,6,5,,,,36,1.71,,,,,21,3,4,14,,,,13,0.62,,,,,1992-1993
20,Crystal Palace,21,6,9,6,,,,27,1.29,,,,,21,5,7,9,,,,22,1.05,,,,,1992-1993
21,Middlesbrough,21,8,5,8,,,,29,1.38,,,,,21,3,6,12,,,,15,0.71,,,,,1992-1993
22,Nott'ham Forest,21,6,4,11,,,,22,1.05,,,,,21,4,6,11,,,,18,0.86,,,,,1992-1993
