Squad,# Pl,Playing Time_MP,Playing Time_Starts,Playing Time_Min,Playing Time_90s,Performance_GA,Performance_GA90,Performance_SoTA,Performance_Saves,Performance_Save%,Performance_W,Performance_D,Performance_L,Performance_CS,Performance_CS%,Penalty Kicks_PKatt,Penalty Kicks_PKA,Penalty Kicks_PKsv,Penalty Kicks_PKm,Penalty Kicks_Save%,Season
Arsenal,1,27,27,2430,27.0,25,0.93,85,61,72.9,21,3,3,12,44.4,3.0,2.0,0.0,1.0,0.0,2022-2023
Aston Villa,2,27,27,2430,27.0,39,1.44,112,76,68.8,11,5,11,8,29.6,5.0,4.0,1.0,0.0,20.0,2022-2023
Bournemouth,2,27,27,2430,27.0,54,2.0,145,94,66.9,6,6,15,6,22.2,7.0,6.0,0.0,1.0,0.0,2022-2023
Brentford,1,27,27,2430,27.0,34,1.26,140,108,76.4,10,12,5,9,33.3,1.0,1.0,0.0,0.0,0.0,2022-2023
Brighton,2,25,25,2250,25.0,31,1.24,81,52,67.9,12,6,7,8,32.0,6.0,5.0,1.0,0.0,16.7,2022-2023
Chelsea,2,27,27,2430,27.0,28,1.04,109,83,74.3,10,8,9,9,33.3,0.0,0.0,0.0,0.0,,2022-2023
Crystal Palace,2,27,27,2430,27.0,34,1.26,119,87,73.1,6,9,12,6,22.2,2.0,2.0,0.0,0.0,0.0,2022-2023
Everton,2,28,28,2520,28.0,40,1.43,137,97,73.7,6,8,14,7,25.0,4.0,4.0,0.0,0.0,0.0,2022-2023
Fulham,2,27,27,2430,27.0,37,1.37,138,101,76.1,11,6,10,8,29.6,4.0,4.0,0.0,0.0,0.0,2022-2023
Leeds United,1,27,27,2430,27.0,44,1.63,123,80,65.9,6,8,13,5,18.5,2.0,2.0,0.0,0.0,0.0,2022-2023
Leicester City,2,27,27,2430,27.0,47,1.74,121,76,62.8,7,4,16,6,22.2,3.0,2.0,1.0,0.0,33.3,2022-2023
Liverpool,1,26,26,2340,26.0,29,1.12,105,77,74.3,12,6,8,10,38.5,3.0,2.0,1.0,0.0,33.3,2022-2023
Manchester City,1,27,27,2430,27.0,25,0.93,60,36,63.3,19,4,4,10,37.0,3.0,3.0,0.0,0.0,0.0,2022-2023
Manchester Utd,1,26,26,2340,26.0,35,1.35,104,70,67.3,15,5,6,11,42.3,1.0,1.0,0.0,0.0,0.0,2022-2023
Newcastle Utd,2,26,26,2338,26.0,19,0.73,84,65,78.6,12,11,3,12,46.2,2.0,1.0,0.0,1.0,0.0,2022-2023
Nott'ham Forest,3,27,27,2430,27.0,49,1.81,128,77,65.6,6,8,13,7,25.9,8.0,5.0,2.0,1.0,28.6,2022-2023
Southampton,1,28,28,2520,28.0,46,1.64,103,60,55.3,6,5,17,4,14.3,1.0,0.0,1.0,0.0,100.0,2022-2023
Tottenham,2,28,28,2520,28.0,40,1.43,125,85,69.6,15,4,9,9,32.1,3.0,2.0,1.0,0.0,33.3,2022-2023
West Ham,2,26,26,2340,26.0,34,1.31,110,76,71.8,6,6,14,5,19.2,4.0,3.0,1.0,0.0,25.0,2022-2023
Wolves,1,28,28,2520,28.0,41,1.46,120,78,66.7,7,6,15,7,25.0,3.0,1.0,2.0,0.0,66.7,2022-2023
Arsenal,2,38,38,3420,38.0,48,1.26,147,100,70.7,22,3,13,13,34.2,6.0,5.0,0.0,1.0,0.0,2021-2022
Aston Villa,3,38,38,3420,38.0,54,1.42,149,96,66.4,13,6,19,11,28.9,6.0,4.0,1.0,1.0,20.0,2021-2022
Brentford,3,38,38,3420,38.0,56,1.47,179,125,71.5,13,7,18,9,23.7,5.0,5.0,0.0,0.0,0.0,2021-2022
Brighton,2,38,38,3419,38.0,44,1.16,146,102,71.9,12,15,11,11,28.9,4.0,3.0,0.0,1.0,0.0,2021-2022
Burnley,2,38,38,3420,38.0,53,1.39,178,127,73.0,7,14,17,9,23.7,5.0,5.0,0.0,0.0,0.0,2021-2022
Chelsea,2,38,38,3420,38.0,33,0.87,115,83,76.5,21,11,6,16,42.1,6.0,6.0,0.0,0.0,0.0,2021-2022
Crystal Palace,2,38,38,3420,38.0,46,1.21,144,99,70.1,11,15,12,12,31.6,4.0,3.0,1.0,0.0,25.0,2021-2022
Everton,2,38,38,3420,38.0,66,1.74,188,127,66.0,11,6,21,8,21.1,2.0,2.0,0.0,0.0,0.0,2021-2022
Leeds United,2,38,38,3420,38.0,79,2.08,224,146,67.0,9,11,18,5,13.2,5.0,5.0,0.0,0.0,0.0,2021-2022
Leicester City,2,38,38,3420,38.0,59,1.55,192,132,72.9,14,10,14,7,18.4,9.0,7.0,2.0,0.0,22.2,2021-2022
Liverpool,2,38,38,3420,38.0,26,0.68,107,82,75.7,28,8,2,21,55.3,0.0,0.0,0.0,0.0,,2021-2022
Manchester City,2,38,38,3420,38.0,26,0.68,85,59,70.6,29,6,3,21,55.3,1.0,1.0,0.0,0.0,0.0,2021-2022
Manchester Utd,1,38,38,3420,38.0,57,1.5,180,124,70.0,16,10,12,8,21.1,5.0,3.0,2.0,0.0,40.0,2021-2022
Newcastle Utd,3,38,38,3420,38.0,62,1.63,165,104,65.5,13,10,15,8,21.1,6.0,5.0,1.0,0.0,16.7,2021-2022
Norwich City,2,38,38,3420,38.0,84,2.21,222,139,66.2,5,7,26,6,15.8,12.0,9.0,1.0,2.0,10.0,2021-2022
Southampton,3,38,38,3420,38.0,67,1.76,183,118,64.5,9,13,16,8,21.1,2.0,2.0,0.0,0.0,0.0,2021-2022
Tottenham,1,38,38,3420,38.0,40,1.05,137,98,72.3,22,5,11,16,42.1,2.0,2.0,0.0,0.0,0.0,2021-2022
Watford,2,38,38,3420,38.0,77,2.03,188,113,62.2,6,5,27,4,10.5,7.0,6.0,1.0,0.0,14.3,2021-2022
West Ham,2,38,38,3420,38.0,51,1.34,165,113,70.3,16,8,14,8,21.1,6.0,2.0,3.0,1.0,60.0,2021-2022
Wolves,2,38,38,3420,38.0,43,1.13,167,125,79.6,15,6,17,11,28.9,10.0,9.0,0.0,1.0,0.0,2021-2022
Arsenal,3,38,38,3417,38.0,39,1.03,129,93,71.3,18,7,13,12,31.6,3.0,2.0,1.0,0.0,33.3,2020-2021
Aston Villa,1,38,38,3420,38.0,46,1.21,186,133,78.0,16,7,15,15,39.5,6.0,5.0,1.0,0.0,16.7,2020-2021
Brighton,2,38,38,3420,38.0,46,1.21,125,81,68.0,9,14,15,12,31.6,7.0,6.0,0.0,1.0,0.0,2020-2021
Burnley,3,38,38,3420,38.0,55,1.45,179,125,70.9,10,9,19,11,28.9,3.0,3.0,0.0,0.0,0.0,2020-2021
Chelsea,3,38,38,3420,38.0,36,0.95,107,71,69.2,19,10,9,18,47.4,4.0,3.0,1.0,0.0,25.0,2020-2021
Crystal Palace,2,38,38,3420,38.0,66,1.74,174,107,63.8,12,8,18,8,21.1,4.0,3.0,1.0,0.0,25.0,2020-2021
Everton,3,38,38,3420,38.0,48,1.26,161,114,72.0,17,8,13,12,31.6,4.0,3.0,0.0,1.0,0.0,2020-2021
Fulham,2,38,38,3420,38.0,53,1.39,170,118,72.9,5,13,20,9,23.7,7.0,7.0,0.0,0.0,0.0,2020-2021
Leeds United,2,38,38,3420,38.0,54,1.42,198,145,76.8,18,5,15,12,31.6,9.0,8.0,1.0,0.0,11.1,2020-2021
Leicester City,1,38,38,3420,38.0,50,1.32,136,88,66.2,20,6,12,11,28.9,4.0,4.0,0.0,0.0,0.0,2020-2021
Liverpool,3,38,38,3420,38.0,42,1.11,140,97,72.9,20,9,9,12,31.6,8.0,4.0,1.0,3.0,20.0,2020-2021
Manchester City,3,38,38,3420,38.0,32,0.84,100,67,76.0,27,5,6,19,50.0,10.0,8.0,2.0,0.0,20.0,2020-2021
Manchester Utd,2,38,38,3420,38.0,44,1.16,141,98,71.6,21,11,6,13,34.2,4.0,4.0,0.0,0.0,0.0,2020-2021
Newcastle Utd,2,38,38,3420,38.0,62,1.63,188,128,69.1,12,9,17,7,18.4,5.0,4.0,1.0,0.0,20.0,2020-2021
Sheffield Utd,1,38,38,3420,38.0,63,1.66,206,145,70.9,7,2,29,5,13.2,4.0,3.0,0.0,1.0,0.0,2020-2021
Southampton,2,38,38,3420,38.0,68,1.79,178,110,66.3,12,7,19,9,23.7,9.0,8.0,1.0,0.0,11.1,2020-2021
Tottenham,1,38,38,3420,38.0,45,1.18,155,113,77.4,18,8,12,12,31.6,10.0,10.0,0.0,0.0,0.0,2020-2021
West Brom,2,38,38,3420,38.0,76,2.0,240,166,71.3,5,11,22,6,15.8,11.0,7.0,1.0,3.0,12.5,2020-2021
West Ham,2,38,38,3420,38.0,47,1.24,147,103,70.1,19,8,11,11,28.9,5.0,3.0,1.0,1.0,25.0,2020-2021
Wolves,2,38,38,3420,38.0,52,1.37,152,102,70.4,12,9,17,10,26.3,8.0,7.0,1.0,0.0,12.5,2020-2021
Arsenal,2,38,38,3420,38.0,48,1.26,193,144,78.8,14,14,10,10,26.3,8.0,7.0,1.0,0.0,12.5,2019-2020
Aston Villa,4,38,38,3420,38.0,67,1.76,182,115,65.9,9,8,21,7,18.4,6.0,5.0,1.0,0.0,16.7,2019-2020
Bournemouth,2,38,38,3420,38.0,65,1.71,192,126,68.8,9,7,22,5,13.2,6.0,5.0,1.0,0.0,16.7,2019-2020
Brighton,1,38,38,3420,38.0,54,1.42,168,116,69.0,9,14,15,9,23.7,2.0,2.0,0.0,0.0,0.0,2019-2020
Burnley,1,38,38,3420,38.0,50,1.32,167,117,72.5,15,9,14,15,39.5,5.0,4.0,1.0,0.0,20.0,2019-2020
Chelsea,2,38,38,3420,38.0,54,1.42,115,64,54.8,20,6,12,9,23.7,2.0,2.0,0.0,0.0,0.0,2019-2020
Crystal Palace,2,38,38,3420,38.0,50,1.32,172,124,70.9,11,10,17,10,26.3,1.0,0.0,0.0,1.0,,2019-2020
Everton,1,38,38,3420,38.0,56,1.47,147,94,63.9,13,10,15,9,23.7,4.0,3.0,0.0,1.0,0.0,2019-2020
Leicester City,1,38,38,3420,38.0,41,1.08,135,94,75.6,18,8,12,13,34.2,10.0,8.0,2.0,0.0,20.0,2019-2020
Liverpool,2,38,38,3418,38.0,33,0.87,107,75,70.1,32,3,3,15,39.5,1.0,1.0,0.0,0.0,0.0,2019-2020
Manchester City,2,38,38,3418,38.0,35,0.92,110,76,70.9,26,3,9,17,44.7,3.0,3.0,0.0,0.0,0.0,2019-2020
Manchester Utd,1,38,38,3420,38.0,36,0.95,131,96,74.8,18,12,8,13,34.2,3.0,3.0,0.0,0.0,0.0,2019-2020
Newcastle Utd,1,38,38,3420,38.0,58,1.53,195,139,71.3,11,11,16,11,28.9,2.0,2.0,0.0,0.0,0.0,2019-2020
Norwich City,3,38,38,3420,38.0,75,1.97,210,135,66.2,5,6,27,5,13.2,7.0,4.0,3.0,0.0,42.9,2019-2020
Sheffield Utd,2,38,38,3420,38.0,39,1.03,139,99,72.7,14,12,12,13,34.2,3.0,1.0,1.0,1.0,50.0,2019-2020
Southampton,2,38,38,3420,38.0,60,1.58,168,108,66.1,15,7,16,9,23.7,4.0,3.0,1.0,0.0,25.0,2019-2020
Tottenham,2,38,38,3420,38.0,47,1.24,181,134,76.8,16,11,11,8,21.1,7.0,5.0,2.0,0.0,28.6,2019-2020
Watford,1,38,38,3420,38.0,64,1.68,178,116,68.5,8,10,20,9,23.7,9.0,8.0,1.0,0.0,11.1,2019-2020
West Ham,4,38,38,3420,38.0,62,1.63,187,127,69.5,10,9,19,7,18.4,6.0,5.0,1.0,0.0,16.7,2019-2020
Wolves,1,38,38,3420,38.0,40,1.05,129,88,69.8,15,14,9,13,34.2,3.0,1.0,2.0,0.0,66.7,2019-2020
Arsenal,2,38,38,3420,38.0,51,1.34,182,132,75.8,21,7,10,8,21.1,7.0,7.0,0.0,0.0,0.0,2018-2019
Bournemouth,3,38,38,3420,38.0,70,1.84,173,106,62.4,13,6,19,10,26.3,5.0,5.0,0.0,0.0,0.0,2018-2019
Brighton,2,38,38,3420,38.0,60,1.58,170,110,70.6,9,9,20,7,18.4,10.0,10.0,0.0,0.0,0.0,2018-2019
Burnley,2,38,38,3420,38.0,68,1.79,199,134,66.8,11,7,20,8,21.1,3.0,2.0,1.0,0.0,33.3,2018-2019
Cardiff City,1,38,38,3420,38.0,69,1.82,207,135,68.6,10,4,24,10,26.3,7.0,4.0,3.0,0.0,42.9,2018-2019
Chelsea,2,38,38,3420,38.0,39,1.03,124,84,69.4,21,9,8,16,42.1,2.0,1.0,1.0,0.0,50.0,2018-2019
Crystal Palace,3,38,38,3420,38.0,53,1.39,163,110,69.9,14,7,17,12,31.6,5.0,4.0,1.0,0.0,20.0,2018-2019
Everton,1,38,38,3420,38.0,46,1.21,136,89,67.6,15,9,14,14,36.8,5.0,2.0,3.0,0.0,60.0,2018-2019
Fulham,3,38,38,3420,38.0,81,2.13,226,146,66.4,7,5,26,5,13.2,7.0,5.0,1.0,1.0,16.7,2018-2019
Huddersfield,3,38,38,3420,38.0,76,2.0,186,110,62.9,3,7,28,5,13.2,8.0,7.0,1.0,0.0,12.5,2018-2019
Leicester City,1,38,38,3420,38.0,48,1.26,138,90,68.8,15,7,16,10,26.3,5.0,5.0,0.0,0.0,0.0,2018-2019
Liverpool,1,38,38,3420,38.0,22,0.58,96,74,77.1,30,7,1,21,55.3,1.0,0.0,0.0,1.0,,2018-2019
Manchester City,1,38,38,3420,38.0,23,0.61,81,58,76.5,32,2,4,20,52.6,4.0,4.0,0.0,0.0,0.0,2018-2019
Manchester Utd,1,38,38,3420,38.0,54,1.42,171,120,71.9,19,9,10,7,18.4,6.0,6.0,0.0,0.0,0.0,2018-2019
Newcastle Utd,1,38,38,3420,38.0,48,1.26,140,93,70.0,12,9,17,11,28.9,6.0,6.0,0.0,0.0,0.0,2018-2019
Southampton,3,38,38,3420,38.0,65,1.71,175,112,64.0,9,12,17,7,18.4,3.0,2.0,1.0,0.0,33.3,2018-2019
Tottenham,3,38,38,3420,38.0,39,1.03,156,118,76.9,23,2,13,13,34.2,5.0,3.0,2.0,0.0,40.0,2018-2019
Watford,1,38,38,3420,38.0,59,1.55,180,123,69.4,14,8,16,7,18.4,5.0,4.0,1.0,0.0,20.0,2018-2019
West Ham,1,38,38,3420,38.0,55,1.45,198,143,74.2,15,7,16,7,18.4,5.0,4.0,1.0,0.0,20.0,2018-2019
Wolves,3,38,38,3420,38.0,46,1.21,141,99,69.5,16,9,13,9,23.7,4.0,3.0,0.0,1.0,0.0,2018-2019
Arsenal,2,38,38,3420,38.0,51,1.34,147,94,68.7,19,6,13,13,34.2,6.0,5.0,1.0,0.0,16.7,2017-2018
Bournemouth,1,38,38,3420,38.0,61,1.61,170,109,65.3,11,11,16,6,15.8,3.0,2.0,1.0,0.0,33.3,2017-2018
Brighton,1,38,38,3420,38.0,54,1.42,172,121,69.2,9,13,16,10,26.3,3.0,1.0,2.0,0.0,66.7,2017-2018
Burnley,2,38,38,3420,38.0,39,1.03,160,121,77.5,14,12,12,12,31.6,5.0,3.0,1.0,1.0,25.0,2017-2018
Chelsea,2,38,38,3420,38.0,38,1.0,117,81,69.2,21,7,10,16,42.1,2.0,2.0,0.0,0.0,0.0,2017-2018
Crystal Palace,2,38,38,3420,38.0,55,1.45,170,117,68.8,11,11,16,9,23.7,2.0,2.0,0.0,0.0,0.0,2017-2018
Everton,1,38,38,3420,38.0,58,1.53,178,119,69.1,13,10,15,10,26.3,5.0,3.0,1.0,1.0,25.0,2017-2018
Huddersfield,1,38,38,3420,38.0,58,1.53,158,99,65.8,9,10,19,10,26.3,6.0,4.0,2.0,0.0,33.3,2017-2018
Leicester City,3,38,38,3420,38.0,60,1.58,164,104,64.6,12,11,15,9,23.7,4.0,2.0,2.0,0.0,50.0,2017-2018
Liverpool,2,38,38,3420,38.0,38,1.0,104,64,67.3,21,12,5,17,44.7,6.0,4.0,2.0,0.0,33.3,2017-2018
Manchester City,2,38,38,3420,38.0,27,0.71,85,58,68.2,32,4,2,18,47.4,2.0,0.0,2.0,0.0,100.0,2017-2018
Manchester Utd,2,38,38,3420,38.0,28,0.74,143,117,81.1,25,6,7,19,50.0,1.0,1.0,0.0,0.0,0.0,2017-2018
Newcastle Utd,3,38,38,3420,38.0,47,1.24,148,102,70.9,12,8,18,9,23.7,6.0,4.0,2.0,0.0,33.3,2017-2018
Southampton,2,38,38,3420,38.0,56,1.47,165,108,66.7,7,15,16,8,21.1,2.0,1.0,1.0,0.0,50.0,2017-2018
Stoke City,2,38,38,3420,38.0,68,1.79,216,150,70.8,7,12,19,6,15.8,5.0,5.0,0.0,0.0,0.0,2017-2018
Swansea City,1,38,38,3420,38.0,56,1.47,190,133,72.1,8,9,21,9,23.7,6.0,3.0,3.0,0.0,50.0,2017-2018
Tottenham,3,38,38,3420,38.0,36,0.95,124,89,72.6,23,8,7,16,42.1,3.0,2.0,0.0,1.0,0.0,2017-2018
Watford,2,38,38,3420,38.0,64,1.68,156,93,62.8,11,8,19,9,23.7,6.0,6.0,0.0,0.0,0.0,2017-2018
West Brom,2,38,38,3420,38.0,56,1.47,154,100,64.3,6,13,19,10,26.3,1.0,1.0,0.0,0.0,0.0,2017-2018
West Ham,2,38,38,3420,38.0,68,1.79,187,119,66.3,10,12,16,10,26.3,6.0,5.0,1.0,0.0,16.7,2017-2018
Arsenal,3,38,38,3420,38.0,44,1.16,167,123,79.6,23,6,9,13,34.2,10.0,10.0,0.0,0.0,0.0,2016-2017
Bournemouth,3,38,38,3420,38.0,67,1.76,189,122,65.6,12,10,16,10,26.3,5.0,2.0,2.0,1.0,50.0,2016-2017
Burnley,2,38,38,3420,38.0,55,1.45,208,153,75.5,11,7,20,10,26.3,5.0,4.0,1.0,0.0,20.0,2016-2017
Chelsea,2,38,38,3420,38.0,33,0.87,105,72,70.5,30,3,5,16,42.1,2.0,2.0,0.0,0.0,0.0,2016-2017
Crystal Palace,2,38,38,3420,38.0,63,1.66,176,113,65.3,12,5,21,7,18.4,2.0,2.0,0.0,0.0,0.0,2016-2017
Everton,2,38,38,3420,38.0,44,1.16,148,104,72.3,17,10,11,13,34.2,5.0,3.0,1.0,1.0,25.0,2016-2017
Hull City,2,38,38,3420,38.0,80,2.11,214,134,67.8,9,7,22,5,13.2,14.0,11.0,2.0,1.0,15.4,2016-2017
Leicester City,2,38,38,3420,38.0,63,1.66,190,127,68.4,12,8,18,9,23.7,3.0,3.0,0.0,0.0,0.0,2016-2017
Liverpool,2,38,38,3420,38.0,42,1.11,114,72,65.8,22,10,6,12,31.6,5.0,3.0,2.0,0.0,40.0,2016-2017
Manchester City,2,38,38,3420,38.0,39,1.03,105,66,64.8,23,9,6,12,31.6,5.0,2.0,1.0,2.0,33.3,2016-2017
Manchester Utd,3,38,38,3420,38.0,29,0.76,116,87,78.4,18,15,5,17,44.7,5.0,4.0,1.0,0.0,20.0,2016-2017
Middlesbrough,2,38,38,3420,38.0,53,1.39,171,118,71.3,5,13,20,11,28.9,5.0,4.0,0.0,1.0,0.0,2016-2017
Southampton,1,38,38,3420,38.0,48,1.26,130,82,67.7,12,10,16,14,36.8,9.0,6.0,1.0,2.0,14.3,2016-2017
Stoke City,3,38,38,3420,38.0,56,1.47,180,124,69.4,11,11,16,11,28.9,2.0,1.0,1.0,0.0,50.0,2016-2017
Sunderland,2,38,38,3420,38.0,69,1.82,248,179,73.8,6,6,26,6,15.8,4.0,4.0,0.0,0.0,0.0,2016-2017
Swansea City,2,38,38,3420,38.0,70,1.84,179,109,64.2,12,5,21,8,21.1,8.0,6.0,1.0,1.0,14.3,2016-2017
Tottenham,2,38,38,3420,38.0,26,0.68,110,84,78.2,26,8,4,17,44.7,2.0,2.0,0.0,0.0,0.0,2016-2017
Watford,2,38,38,3420,38.0,68,1.79,187,119,65.2,11,7,20,7,18.4,4.0,3.0,1.0,0.0,25.0,2016-2017
West Brom,1,38,38,3420,38.0,51,1.34,160,109,70.0,12,9,17,6,15.8,3.0,3.0,0.0,0.0,0.0,2016-2017
West Ham,2,38,38,3420,38.0,64,1.68,182,118,67.6,12,9,17,10,26.3,8.0,5.0,1.0,2.0,16.7,2016-2017
Arsenal,2,38,38,3420,38.0,36,0.95,148,112,75.7,20,11,7,18,47.4,,,,,,2015-2016
Aston Villa,2,38,38,3420,38.0,76,2.0,186,110,59.1,3,8,27,6,15.8,,,,,,2015-2016
Bournemouth,3,38,38,3420,38.0,67,1.76,152,85,55.9,11,9,18,7,18.4,,,,,,2015-2016
Chelsea,2,38,38,3419,38.0,53,1.4,172,119,69.2,12,14,12,9,23.7,,,,,,2015-2016
Crystal Palace,3,38,38,3420,38.0,51,1.34,168,117,69.6,11,9,18,8,21.1,,,,,,2015-2016
Everton,2,38,38,3420,38.0,55,1.45,179,124,69.3,11,14,13,10,26.3,,,,,,2015-2016
Leicester City,1,38,38,3420,38.0,36,0.95,136,100,73.5,23,12,3,15,39.5,,,,,,2015-2016
Liverpool,3,38,38,3420,38.0,50,1.32,130,80,61.5,16,12,10,11,28.9,,,,,,2015-2016
Manchester City,2,38,38,3420,38.0,41,1.08,125,84,67.2,19,9,10,16,42.1,,,,,,2015-2016
Manchester Utd,2,38,38,3420,38.0,35,0.92,120,85,70.8,19,9,10,18,47.4,,,,,,2015-2016
Newcastle Utd,3,38,38,3420,38.0,65,1.71,178,113,63.5,9,10,19,8,21.1,,,,,,2015-2016
Norwich City,2,38,38,3420,38.0,67,1.76,165,98,59.4,9,7,22,5,13.2,,,,,,2015-2016
Southampton,4,38,38,3420,38.0,41,1.08,133,92,69.2,18,9,11,12,31.6,,,,,,2015-2016
Stoke City,3,38,38,3420,38.0,55,1.45,175,120,68.6,14,9,15,10,26.3,,,,,,2015-2016
Sunderland,3,38,38,3420,38.0,62,1.63,213,151,70.9,9,12,17,7,18.4,,,,,,2015-2016
Swansea City,2,38,38,3420,38.0,52,1.37,165,113,68.5,12,11,15,9,23.7,,,,,,2015-2016
Tottenham,2,38,38,3420,38.0,35,0.92,121,86,71.1,19,13,6,13,34.2,,,,,,2015-2016
Watford,2,38,38,3420,38.0,50,1.32,123,73,59.3,12,9,17,11,28.9,,,,,,2015-2016
West Brom,2,38,38,3420,38.0,48,1.26,155,107,69.0,10,13,15,11,28.9,,,,,,2015-2016
West Ham,2,38,38,3420,38.0,51,1.34,162,111,68.5,16,14,8,11,28.9,,,,,,2015-2016
Arsenal,3,38,38,3420,38.0,36,0.95,128,92,71.9,22,9,7,13,34.2,,,,,,2014-2015
Aston Villa,3,38,38,3420,38.0,57,1.5,168,111,66.1,10,8,20,10,26.3,,,,,,2014-2015
Burnley,1,38,38,3420,38.0,53,1.39,178,125,70.2,7,12,19,10,26.3,,,,,,2014-2015
Chelsea,2,38,38,3420,38.0,32,0.84,121,89,73.6,26,9,3,17,44.7,,,,,,2014-2015
Crystal Palace,2,38,38,3420,38.0,51,1.34,144,93,64.6,13,9,16,7,18.4,,,,,,2014-2015
Everton,2,38,38,3420,38.0,50,1.32,128,78,60.9,12,11,15,10,26.3,,,,,,2014-2015
Hull City,3,38,38,3420,38.0,51,1.34,153,102,66.7,8,11,19,10,26.3,,,,,,2014-2015
Leicester City,3,38,38,3420,38.0,55,1.45,172,117,68.0,11,8,19,10,26.3,,,,,,2014-2015
Liverpool,2,38,38,3420,38.0,48,1.26,139,91,65.5,18,8,12,14,36.8,,,,,,2014-2015
Manchester City,2,38,38,3420,38.0,38,1.0,128,90,70.3,24,7,7,14,36.8,,,,,,2014-2015
Manchester Utd,2,38,38,3420,38.0,37,0.97,134,97,72.4,20,10,8,11,28.9,,,,,,2014-2015
Newcastle Utd,3,38,38,3420,38.0,63,1.66,161,98,60.9,10,9,19,8,21.1,,,,,,2014-2015
QPR,2,38,38,3420,38.0,73,1.92,209,136,65.1,8,6,24,6,15.8,,,,,,2014-2015
Southampton,3,38,38,3420,38.0,33,0.87,109,76,69.7,18,6,14,15,39.5,,,,,,2014-2015
Stoke City,2,38,38,3420,38.0,45,1.18,139,94,67.6,15,9,14,9,23.7,,,,,,2014-2015
Sunderland,2,38,38,3420,38.0,53,1.39,191,138,72.3,7,17,14,13,34.2,,,,,,2014-2015
Swansea City,2,38,38,3420,38.0,49,1.29,188,139,73.9,16,8,14,13,34.2,,,,,,2014-2015
Tottenham,2,38,38,3420,38.0,53,1.39,170,117,68.8,19,7,12,9,23.7,,,,,,2014-2015
West Brom,2,38,38,3420,38.0,51,1.34,182,131,72.0,11,11,16,16,42.1,,,,,,2014-2015
West Ham,2,38,38,3420,38.0,47,1.24,174,127,73.0,12,11,15,9,23.7,,,,,,2014-2015
Arsenal,1,38,38,3330,,41,1.11,147,106,72.1,24,7,7,17,44.7,,,,,,2013-2014
Aston Villa,1,38,38,3420,,61,1.61,174,113,64.9,10,8,20,9,23.7,,,,,,2013-2014
Cardiff City,2,38,38,3420,,74,1.95,220,146,66.4,7,9,22,7,18.4,,,,,,2013-2014
Chelsea,2,38,38,3420,,27,0.71,121,94,77.7,25,7,6,18,47.4,,,,,,2013-2014
Crystal Palace,2,38,38,3420,,48,1.26,169,121,71.6,13,6,19,12,31.6,,,,,,2013-2014
Everton,2,38,38,3420,,39,1.03,148,109,73.6,21,9,8,15,39.5,,,,,,2013-2014
Fulham,2,38,38,3420,,85,2.24,241,156,64.7,9,5,24,5,13.2,,,,,,2013-2014
Hull City,3,38,38,3419,,53,1.4,164,111,67.7,10,7,21,10,26.3,,,,,,2013-2014
Liverpool,1,38,38,3420,,50,1.32,152,102,67.1,26,6,6,10,26.3,,,,,,2013-2014
Manchester City,2,38,38,3420,,37,0.97,126,89,70.6,27,5,6,16,42.1,,,,,,2013-2014
Manchester Utd,2,38,38,3420,,43,1.13,143,100,69.9,19,7,12,13,34.2,,,,,,2013-2014
Newcastle Utd,2,38,38,3420,,59,1.55,170,111,65.3,15,4,19,10,26.3,,,,,,2013-2014
Norwich City,1,38,38,3420,,62,1.63,189,127,67.2,8,9,21,12,31.6,,,,,,2013-2014
Southampton,3,38,38,3420,,46,1.21,132,86,65.2,15,11,12,15,39.5,,,,,,2013-2014
Stoke City,3,38,38,3420,,52,1.37,173,121,69.9,13,11,14,9,23.7,,,,,,2013-2014
Sunderland,2,38,38,3420,,60,1.58,217,157,72.4,10,8,20,11,28.9,,,,,,2013-2014
Swansea City,2,38,38,3420,,54,1.42,155,101,65.2,11,9,18,8,21.1,,,,,,2013-2014
Tottenham,2,38,38,3420,,51,1.34,152,101,66.4,21,6,11,14,36.8,,,,,,2013-2014
West Brom,3,38,38,3420,,59,1.55,174,115,66.1,7,15,16,7,18.4,,,,,,2013-2014
West Ham,2,38,38,3420,,51,1.34,193,142,73.6,11,7,20,14,36.8,,,,,,2013-2014
Arsenal,3,38,38,3420,,37,0.97,142,105,73.9,21,10,7,14,36.8,,,,,,2012-2013
Aston Villa,2,38,38,3420,,69,1.82,193,124,64.2,10,11,17,5,13.2,,,,,,2012-2013
Chelsea,2,38,38,3420,,39,1.03,162,123,75.9,22,9,7,14,36.8,,,,,,2012-2013
Everton,2,38,38,3420,,40,1.05,143,103,72.0,16,15,7,11,28.9,,,,,,2012-2013
Fulham,2,38,38,3420,,60,1.58,198,138,69.7,11,10,17,8,21.1,,,,,,2012-2013
Liverpool,2,38,38,3420,,43,1.13,135,92,68.1,16,13,9,16,42.1,,,,,,2012-2013
Manchester City,1,38,38,3420,,34,0.89,112,78,69.6,23,9,6,18,47.4,,,,,,2012-2013
Manchester Utd,2,38,38,3420,,43,1.13,152,109,71.7,28,5,5,13,34.2,,,,,,2012-2013
Newcastle Utd,3,38,38,3420,,68,1.79,189,121,64.0,11,8,19,6,15.8,,,,,,2012-2013
Norwich City,3,38,38,3420,,58,1.53,176,118,67.0,10,14,14,10,26.3,,,,,,2012-2013
QPR,2,38,38,3420,,60,1.58,192,132,68.8,4,13,21,7,18.4,,,,,,2012-2013
Reading,3,38,38,3420,,73,1.92,236,163,69.1,6,10,22,5,13.2,,,,,,2012-2013
Southampton,3,38,38,3420,,60,1.58,162,102,63.0,9,14,15,7,18.4,,,,,,2012-2013
Stoke City,1,38,38,3420,,45,1.18,154,109,70.8,9,15,14,12,31.6,,,,,,2012-2013
Sunderland,1,38,38,3420,,54,1.42,200,146,73.0,9,12,17,11,28.9,,,,,,2012-2013
Swansea City,2,38,38,3420,,51,1.34,201,150,74.6,11,13,14,10,26.3,,,,,,2012-2013
Tottenham,2,38,38,3420,,46,1.21,127,81,63.8,21,9,8,9,23.7,,,,,,2012-2013
West Brom,2,38,38,3420,,57,1.5,177,120,67.8,14,7,17,8,21.1,,,,,,2012-2013
West Ham,1,38,38,3420,,53,1.39,215,162,75.3,12,10,16,11,28.9,,,,,,2012-2013
Wigan Athletic,2,38,38,3420,,73,1.92,188,115,61.2,9,9,20,5,13.2,,,,,,2012-2013
Arsenal,1,38,38,3420,,49,1.29,135,86,63.7,21,7,10,13,34.2,,,,,,2011-2012
Aston Villa,2,38,38,3420,,53,1.39,185,132,71.4,7,17,14,9,23.7,,,,,,2011-2012
Blackburn,3,38,38,3420,,78,2.05,190,112,58.9,8,7,23,3,7.9,,,,,,2011-2012
Bolton,2,38,38,3420,,77,2.03,233,156,67.0,10,6,22,3,7.9,,,,,,2011-2012
Chelsea,3,38,38,3420,,46,1.21,161,115,71.4,18,10,10,10,26.3,,,,,,2011-2012
Everton,1,38,38,3420,,40,1.05,138,98,71.0,15,11,12,12,31.6,,,,,,2011-2012
Fulham,2,38,38,3420,,51,1.34,200,149,74.5,14,10,14,11,28.9,,,,,,2011-2012
Liverpool,3,38,38,3412,,40,1.06,137,97,70.8,14,10,14,12,31.6,,,,,,2011-2012
Manchester City,1,38,38,3420,,29,0.76,133,104,78.2,28,5,5,17,44.7,,,,,,2011-2012
Manchester Utd,3,38,38,3420,,33,0.87,159,126,79.2,28,5,5,20,52.6,,,,,,2011-2012
Newcastle Utd,1,38,38,3420,,51,1.34,176,125,71.0,19,8,11,15,39.5,,,,,,2011-2012
Norwich City,2,38,38,3420,,66,1.74,228,162,71.1,12,11,15,3,7.9,,,,,,2011-2012
QPR,2,38,38,3420,,66,1.74,207,141,68.1,10,7,21,7,18.4,,,,,,2011-2012
Stoke City,2,38,38,3420,,53,1.39,177,124,70.1,11,12,15,9,23.7,,,,,,2011-2012
Sunderland,3,38,38,3420,,46,1.21,170,124,72.9,11,12,15,12,31.6,,,,,,2011-2012
Swansea City,2,38,38,3420,,51,1.34,198,147,74.2,12,11,15,14,36.8,,,,,,2011-2012
Tottenham,1,38,38,3420,,41,1.08,163,122,74.8,20,9,9,14,36.8,,,,,,2011-2012
West Brom,2,38,38,3420,,52,1.37,171,119,69.6,13,8,17,10,26.3,,,,,,2011-2012
Wigan Athletic,1,38,38,3420,,62,1.63,200,138,69.0,11,10,17,8,21.1,,,,,,2011-2012
Wolves,3,38,38,3420,,82,2.16,271,189,69.7,5,10,23,4,10.5,,,,,,2011-2012
Arsenal,4,38,38,3420,,44,1.16,150,106,70.7,19,11,8,13,34.2,,,,,,2010-2011
Aston Villa,1,38,38,3420,,59,1.55,189,130,68.8,12,12,14,7,18.4,,,,,,2010-2011
Birmingham City,2,38,38,3420,,58,1.53,257,199,77.4,8,15,15,9,23.7,,,,,,2010-2011
Blackburn,2,38,38,3420,,59,1.55,194,135,69.6,11,10,17,8,21.1,,,,,,2010-2011
Blackpool,4,38,38,3420,,80,2.11,240,160,66.7,10,9,19,6,15.8,,,,,,2010-2011
Bolton,2,38,38,3420,,56,1.47,193,137,71.0,12,10,16,5,13.2,,,,,,2010-2011
Chelsea,1,38,38,3420,,33,0.87,148,115,77.7,21,8,9,15,39.5,,,,,,2010-2011
Everton,1,38,38,3420,,45,1.18,153,108,70.6,13,15,10,9,23.7,,,,,,2010-2011
Fulham,2,38,38,3420,,43,1.13,171,128,74.9,11,16,11,14,36.8,,,,,,2010-2011
Liverpool,1,38,38,3420,,44,1.16,149,105,70.5,17,7,14,14,36.8,,,,,,2010-2011
Manchester City,1,38,38,3420,,33,0.87,153,120,78.4,21,8,9,18,47.4,,,,,,2010-2011
Manchester Utd,2,38,38,3420,,37,0.97,139,102,73.4,23,11,4,15,39.5,,,,,,2010-2011
Newcastle Utd,2,38,38,3420,,57,1.5,161,104,64.6,11,13,14,9,23.7,,,,,,2010-2011
Stoke City,2,38,38,3420,,48,1.26,176,128,72.7,13,7,18,9,23.7,,,,,,2010-2011
Sunderland,2,38,38,3420,,56,1.47,206,150,72.8,12,11,15,13,34.2,,,,,,2010-2011
Tottenham,2,38,38,3420,,46,1.21,183,137,74.9,16,14,8,8,21.1,,,,,,2010-2011
West Brom,2,38,38,3420,,71,1.87,182,111,61.0,12,11,15,2,5.3,,,,,,2010-2011
West Ham,2,38,38,3420,,70,1.84,243,173,71.2,7,12,19,5,13.2,,,,,,2010-2011
Wigan Athletic,3,38,38,3420,,61,1.61,196,135,68.9,9,15,14,7,18.4,,,,,,2010-2011
Wolves,2,38,38,3420,,66,1.74,199,133,66.8,11,7,20,5,13.2,,,,,,2010-2011
Arsenal,3,38,38,3420,,41,1.08,129,88,68.2,23,6,9,14,36.8,,,,,,2009-2010
Aston Villa,1,38,38,3420,,39,1.03,186,147,79.0,17,13,8,15,39.5,,,,,,2009-2010
Birmingham City,2,38,38,3420,,47,1.24,208,161,77.4,13,11,14,11,28.9,,,,,,2009-2010
Blackburn,2,38,38,3420,,55,1.45,176,121,68.8,13,11,14,13,34.2,,,,,,2009-2010
Bolton,1,38,38,3420,,67,1.76,208,141,67.8,10,9,19,5,13.2,,,,,,2009-2010
Burnley,2,38,38,3420,,82,2.16,234,152,65.0,8,6,24,3,7.9,,,,,,2009-2010
Chelsea,3,38,38,3420,,32,0.84,113,81,71.7,27,5,6,18,47.4,,,,,,2009-2010
Everton,1,38,38,3420,,49,1.29,170,121,71.2,16,13,9,11,28.9,,,,,,2009-2010
Fulham,2,38,38,3420,,46,1.21,176,130,73.9,12,10,16,12,31.6,,,,,,2009-2010
Hull City,2,38,38,3420,,75,1.97,236,161,68.2,6,12,20,7,18.4,,,,,,2009-2010
Liverpool,1,38,38,3420,,35,0.92,139,104,74.8,18,9,11,17,44.7,,,,,,2009-2010
Manchester City,3,38,38,3420,,45,1.18,157,112,71.3,18,13,7,11,28.9,,,,,,2009-2010
Manchester Utd,3,38,38,3420,,28,0.74,146,118,80.8,27,4,7,19,50.0,,,,,,2009-2010
Portsmouth,3,38,38,3420,,66,1.74,211,145,68.7,7,7,24,7,18.4,,,,,,2009-2010
Stoke City,3,38,38,3420,,48,1.26,192,144,75.0,11,14,13,14,36.8,,,,,,2009-2010
Sunderland,2,38,38,3420,,56,1.47,199,143,71.9,11,11,16,7,18.4,,,,,,2009-2010
Tottenham,3,38,38,3420,,41,1.08,178,137,77.0,21,7,10,13,34.2,,,,,,2009-2010
West Ham,2,38,38,3420,,66,1.74,193,127,65.8,8,11,19,8,21.1,,,,,,2009-2010
Wigan Athletic,3,38,38,3420,,79,2.08,206,127,61.7,9,9,20,8,21.1,,,,,,2009-2010
Wolves,2,38,38,3420,,56,1.47,225,169,75.1,9,11,18,8,21.1,,,,,,2009-2010
Arsenal,3,38,38,3420,,37,0.97,149,112,75.2,20,12,6,16,42.1,,,,,,2008-2009
Aston Villa,2,38,38,3420,,48,1.26,186,138,74.2,17,11,10,13,34.2,,,,,,2008-2009
Blackburn,2,38,38,3420,,60,1.58,177,117,66.1,10,11,17,10,26.3,,,,,,2008-2009
Bolton,1,38,38,3420,,53,1.39,213,160,75.1,11,8,19,7,18.4,,,,,,2008-2009
Chelsea,3,38,38,3420,,24,0.63,144,120,83.3,25,8,5,22,57.9,,,,,,2008-2009
Everton,1,38,38,3420,,37,0.97,186,149,80.1,17,12,9,17,44.7,,,,,,2008-2009
Fulham,1,38,38,3420,,34,0.89,195,161,82.6,14,11,13,15,39.5,,,,,,2008-2009
Hull City,2,38,38,3420,,64,1.68,212,148,69.8,8,11,19,6,15.8,,,,,,2008-2009
Liverpool,1,38,38,3420,,27,0.71,122,95,77.9,25,11,2,20,52.6,,,,,,2008-2009
Manchester City,3,38,38,3420,,50,1.32,192,142,74.0,15,5,18,10,26.3,,,,,,2008-2009
Manchester Utd,3,38,38,3420,,24,0.63,138,114,82.6,28,6,4,24,63.2,,,,,,2008-2009
Middlesbrough,2,38,38,3420,,57,1.5,216,159,73.6,7,11,20,7,18.4,,,,,,2008-2009
Newcastle Utd,2,38,38,3420,,59,1.55,210,151,71.9,7,13,18,7,18.4,,,,,,2008-2009
Portsmouth,2,38,38,3420,,57,1.5,212,155,73.1,10,11,17,8,21.1,,,,,,2008-2009
Stoke City,2,38,38,3420,,55,1.45,191,136,71.2,12,9,17,12,31.6,,,,,,2008-2009
Sunderland,2,38,38,3420,,54,1.42,168,114,67.9,9,9,20,9,23.7,,,,,,2008-2009
Tottenham,2,38,38,3420,,45,1.18,203,158,77.8,14,9,15,13,34.2,,,,,,2008-2009
West Brom,2,38,38,3420,,67,1.76,227,160,70.5,8,8,22,8,21.1,,,,,,2008-2009
West Ham,1,38,38,3420,,45,1.18,197,152,77.2,14,9,15,10,26.3,,,,,,2008-2009
Wigan Athletic,3,38,38,3420,,45,1.18,134,89,66.4,12,9,17,13,34.2,,,,,,2008-2009
Arsenal,3,38,38,3420,,31,0.82,155,124,80.0,24,11,3,15,39.5,,,,,,2007-2008
Aston Villa,2,38,38,3420,,51,1.34,170,119,70.0,16,12,10,9,23.7,,,,,,2007-2008
Birmingham City,3,38,38,3420,,62,1.63,266,204,76.7,8,11,19,3,7.9,,,,,,2007-2008
Blackburn,1,38,38,3420,,48,1.26,201,153,76.1,15,13,10,8,21.1,,,,,,2007-2008
Bolton,2,38,38,3420,,54,1.42,207,153,73.9,9,10,19,12,31.6,,,,,,2007-2008
Chelsea,3,38,38,3420,,26,0.68,142,116,81.7,25,10,3,21,55.3,,,,,,2007-2008
Derby County,3,38,38,3420,,89,2.34,263,174,66.2,1,8,29,3,7.9,,,,,,2007-2008
Everton,2,38,38,3420,,33,0.87,176,143,81.3,19,8,11,14,36.8,,,,,,2007-2008
Fulham,3,38,38,3420,,60,1.58,230,170,73.9,8,12,18,7,18.4,,,,,,2007-2008
Liverpool,1,38,38,3420,,28,0.74,138,110,79.7,21,13,4,18,47.4,,,,,,2007-2008
Manchester City,3,38,38,3420,,53,1.39,221,168,76.0,15,10,13,11,28.9,,,,,,2007-2008
Manchester Utd,3,38,38,3420,,22,0.58,150,128,85.3,27,6,5,21,55.3,,,,,,2007-2008
Middlesbrough,3,38,38,3420,,53,1.39,184,131,71.2,10,12,16,8,21.1,,,,,,2007-2008
Newcastle Utd,2,38,38,3420,,65,1.71,256,191,74.6,11,10,17,8,21.1,,,,,,2007-2008
Portsmouth,2,38,38,3420,,40,1.05,205,165,80.5,16,9,13,16,42.1,,,,,,2007-2008
Reading,1,38,38,3420,,66,1.74,254,188,74.0,10,6,22,8,21.1,,,,,,2007-2008
Sunderland,3,38,38,3420,,59,1.55,182,123,67.6,11,6,21,7,18.4,,,,,,2007-2008
Tottenham,2,38,38,3420,,61,1.61,206,145,70.4,11,13,14,9,23.7,,,,,,2007-2008
West Ham,1,38,38,3420,,50,1.32,189,139,73.5,13,10,15,8,21.1,,,,,,2007-2008
Wigan Athletic,2,38,38,3420,,51,1.34,197,146,74.1,10,10,18,12,31.6,,,,,,2007-2008
Arsenal,3,38,38,3420,,35,0.92,177,142,80.2,19,11,8,12,31.6,,,,,,2006-2007
Aston Villa,3,38,38,3420,,41,1.08,207,166,80.2,11,17,10,13,34.2,,,,,,2006-2007
Blackburn,2,38,38,3420,,54,1.42,277,223,80.5,15,7,16,8,21.1,,,,,,2006-2007
Bolton,1,38,38,3420,,52,1.37,216,164,75.9,16,8,14,12,31.6,,,,,,2006-2007
Charlton Ath,3,38,38,3420,,60,1.58,247,187,75.7,8,10,20,11,28.9,,,,,,2006-2007
Chelsea,3,38,38,3335,,24,0.65,175,151,86.3,24,11,3,22,57.9,,,,,,2006-2007
Everton,3,38,38,3420,,36,0.95,221,185,83.7,15,13,10,14,36.8,,,,,,2006-2007
Fulham,2,38,38,3420,,60,1.58,237,177,74.7,8,15,15,7,18.4,,,,,,2006-2007
Liverpool,3,38,38,3420,,27,0.71,173,146,84.4,20,8,10,20,52.6,,,,,,2006-2007
Manchester City,3,38,38,3420,,44,1.16,199,155,77.9,11,9,18,14,36.8,,,,,,2006-2007
Manchester Utd,2,38,38,3420,,27,0.71,176,149,84.7,28,5,5,16,42.1,,,,,,2006-2007
Middlesbrough,2,38,38,3420,,49,1.29,234,185,79.1,12,10,16,9,23.7,,,,,,2006-2007
Newcastle Utd,3,38,38,3416,,47,1.24,224,177,79.0,11,10,17,7,18.4,,,,,,2006-2007
Portsmouth,1,38,38,3420,,42,1.11,214,172,80.4,14,12,12,12,31.6,,,,,,2006-2007
Reading,2,38,38,3420,,47,1.24,223,176,78.9,16,7,15,13,34.2,,,,,,2006-2007
Sheffield Utd,4,38,38,3420,,55,1.45,236,181,76.7,10,8,20,9,23.7,,,,,,2006-2007
Tottenham,1,38,38,3420,,54,1.42,196,142,72.4,17,9,12,6,15.8,,,,,,2006-2007
Watford,2,38,38,3419,,59,1.55,272,213,78.3,5,13,20,9,23.7,,,,,,2006-2007
West Ham,2,38,38,3420,,59,1.55,239,180,75.3,12,5,21,9,23.7,,,,,,2006-2007
Wigan Athletic,3,38,38,3420,,60,1.58,236,176,74.6,10,8,20,10,26.3,,,,,,2006-2007
Arsenal,1,38,38,3420,,31,0.82,169,138,81.7,20,7,11,16,42.1,,,,,,2005-2006
Aston Villa,2,38,38,3420,,55,1.45,251,196,78.1,10,12,16,11,28.9,,,,,,2005-2006
Birmingham City,2,38,38,3420,,50,1.32,222,172,77.5,8,10,20,10,26.3,,,,,,2005-2006
Blackburn,1,38,38,3420,,42,1.11,185,143,77.3,19,6,13,16,42.1,,,,,,2005-2006
Bolton,1,38,38,3420,,41,1.08,188,147,78.2,15,11,12,15,39.5,,,,,,2005-2006
Charlton Ath,2,38,38,3150,,47,1.34,211,164,77.7,13,8,17,13,34.2,,,,,,2005-2006
Chelsea,3,38,38,3420,,22,0.58,154,132,85.7,29,4,5,20,52.6,,,,,,2005-2006
Everton,4,38,38,3879,,58,1.35,231,173,74.9,14,8,16,13,34.2,,,,,,2005-2006
Fulham,3,38,38,3420,,58,1.53,226,168,74.3,14,6,18,10,26.3,,,,,,2005-2006
Liverpool,2,38,38,3412,,25,0.66,163,138,84.7,25,7,6,22,57.9,,,,,,2005-2006
Manchester City,1,38,38,3420,,48,1.26,206,158,76.7,13,4,21,6,15.8,,,,,,2005-2006
Manchester Utd,2,38,38,3420,,34,0.89,187,153,81.8,25,8,5,18,47.4,,,,,,2005-2006
Middlesbrough,3,38,38,3420,,58,1.53,222,164,73.9,12,9,17,10,26.3,,,,,,2005-2006
Newcastle Utd,1,38,38,3420,,42,1.11,175,133,76.0,17,7,14,13,34.2,,,,,,2005-2006
Portsmouth,2,38,38,3150,,61,1.74,194,133,68.6,10,8,20,5,13.2,,,,,,2005-2006
Sunderland,2,38,38,3420,,69,1.82,277,208,75.1,3,6,29,4,10.5,,,,,,2005-2006
Tottenham,1,38,38,3420,,38,1.0,165,127,77.0,18,11,9,13,34.2,,,,,,2005-2006
West Brom,2,38,38,3391,,56,1.49,245,189,77.1,7,9,22,10,26.3,,,,,,2005-2006
West Ham,4,38,38,3420,,55,1.45,219,164,74.9,16,7,15,9,23.7,,,,,,2005-2006
Wigan Athletic,2,38,38,3420,,52,1.37,201,149,74.1,15,6,17,10,26.3,,,,,,2005-2006
Arsenal,2,38,38,3420,,36,0.95,146,110,75.3,25,8,5,16,42.1,,,,,,2004-2005
Aston Villa,2,38,38,3420,,52,1.37,236,184,78.0,12,11,15,11,28.9,,,,,,2004-2005
Birmingham City,1,38,38,3420,,46,1.21,212,166,78.3,11,12,15,9,23.7,,,,,,2004-2005
Blackburn,1,38,38,3420,,43,1.13,227,184,81.1,9,15,14,15,39.5,,,,,,2004-2005
Bolton,3,38,38,3420,,44,1.16,179,135,75.4,16,10,12,8,21.1,,,,,,2004-2005
Charlton Ath,2,38,38,3420,,58,1.53,232,174,75.0,12,10,16,12,31.6,,,,,,2004-2005
Chelsea,2,38,38,3420,,15,0.39,112,97,86.6,29,8,1,25,65.8,,,,,,2004-2005
Crystal Palace,2,38,38,3420,,62,1.63,291,229,78.7,7,12,19,10,26.3,,,,,,2004-2005
Everton,2,38,38,3420,,46,1.21,194,148,76.3,18,7,13,13,34.2,,,,,,2004-2005
Fulham,2,38,38,3420,,60,1.58,258,198,76.7,12,8,18,8,21.1,,,,,,2004-2005
Liverpool,3,38,38,3420,,41,1.08,171,130,76.0,17,7,14,7,18.4,,,,,,2004-2005
Manchester City,1,38,38,3420,,39,1.03,195,156,80.0,13,13,12,11,28.9,,,,,,2004-2005
Manchester Utd,2,38,38,3420,,26,0.68,106,80,75.5,22,11,5,19,50.0,,,,,,2004-2005
Middlesbrough,3,38,38,3420,,46,1.21,213,167,78.4,14,13,11,11,28.9,,,,,,2004-2005
Newcastle Utd,2,38,38,3420,,57,1.5,236,179,75.8,10,14,14,6,15.8,,,,,,2004-2005
Norwich City,2,38,38,3420,,77,2.03,291,214,73.5,7,12,19,6,15.8,,,,,,2004-2005
Portsmouth,3,38,38,3420,,59,1.55,266,207,77.8,10,9,19,5,13.2,,,,,,2004-2005
Southampton,4,38,38,3420,,68,1.79,170,102,60.0,6,14,18,7,18.4,,,,,,2004-2005
Tottenham,2,38,38,3420,,41,1.08,217,176,81.1,14,10,14,13,34.2,,,,,,2004-2005
West Brom,2,38,38,3420,,61,1.61,247,186,75.3,6,16,16,7,18.4,,,,,,2004-2005
Arsenal,1,38,38,3420,,26,0.68,114,88,77.2,26,12,0,15,39.5,,,,,,2003-2004
Aston Villa,2,38,38,3420,,44,1.16,173,129,74.6,15,11,12,12,31.6,,,,,,2003-2004
Birmingham City,2,38,38,3420,,48,1.26,183,135,73.8,12,14,12,15,39.5,,,,,,2003-2004
Blackburn,2,38,38,3420,,59,1.55,201,142,70.6,12,8,18,8,21.1,,,,,,2003-2004
Bolton,1,38,38,3420,,56,1.47,182,126,69.2,14,11,13,10,26.3,,,,,,2003-2004
Charlton Ath,2,38,38,3420,,51,1.34,205,154,75.1,14,11,13,10,26.3,,,,,,2003-2004
Chelsea,3,38,38,3420,,30,0.79,125,95,76.0,24,7,7,21,55.3,,,,,,2003-2004
Everton,3,38,38,3330,,57,1.54,190,133,70.0,9,12,17,10,26.3,,,,,,2003-2004
Fulham,2,38,38,3330,,46,1.24,207,161,77.8,14,10,14,15,39.5,,,,,,2003-2004
Leeds United,2,38,38,3420,,79,2.08,215,136,63.3,8,9,21,3,7.9,,,,,,2003-2004
Leicester City,2,38,38,3420,,65,1.71,210,145,69.0,6,15,17,9,23.7,,,,,,2003-2004
Liverpool,3,38,38,3240,,35,0.97,139,104,74.8,16,12,10,15,39.5,,,,,,2003-2004
Manchester City,3,38,38,3420,,54,1.42,184,130,70.7,9,14,15,7,18.4,,,,,,2003-2004
Manchester Utd,2,38,38,3330,,35,0.95,163,128,78.5,23,6,9,14,36.8,,,,,,2003-2004
Middlesbrough,3,38,38,3420,,52,1.37,182,130,71.4,13,9,16,14,36.8,,,,,,2003-2004
Newcastle Utd,1,38,38,3420,,40,1.05,171,131,76.6,13,17,8,11,28.9,,,,,,2003-2004
Portsmouth,3,38,38,3420,,54,1.42,192,138,71.9,12,9,17,8,21.1,,,,,,2003-2004
Southampton,2,38,38,2700,,39,1.3,179,140,78.2,12,11,15,12,31.6,,,,,,2003-2004
Tottenham,1,38,38,3420,,57,1.5,198,141,71.2,13,6,19,8,21.1,,,,,,2003-2004
Wolves,3,38,38,4320,,85,1.77,283,198,70.0,7,12,19,7,18.4,,,,,,2003-2004
Arsenal,3,38,38,3420,,42,1.11,147,105,71.4,23,9,6,10,26.3,,,,,,2002-2003
Aston Villa,2,38,38,3420,,47,1.24,176,129,73.3,12,9,17,9,23.7,,,,,,2002-2003
Birmingham City,4,38,38,3420,,49,1.29,171,122,71.3,13,9,16,9,23.7,,,,,,2002-2003
Blackburn,2,38,38,3420,,43,1.13,207,164,79.2,16,12,10,15,39.5,,,,,,2002-2003
Bolton,1,38,38,3420,,51,1.34,189,138,73.0,10,14,14,10,26.3,,,,,,2002-2003
Charlton Ath,2,38,38,3420,,56,1.47,190,134,70.5,14,7,17,8,21.1,,,,,,2002-2003
Chelsea,2,38,38,3420,,38,1.0,156,118,75.6,19,10,9,13,34.2,,,,,,2002-2003
Everton,4,38,38,3420,,49,1.29,173,124,71.7,17,8,13,11,28.9,,,,,,2002-2003
Fulham,3,38,38,3420,,50,1.32,197,147,74.6,13,9,16,11,28.9,,,,,,2002-2003
Leeds United,1,38,38,3420,,57,1.5,188,131,69.7,14,5,19,10,26.3,,,,,,2002-2003
Liverpool,2,38,38,3420,,41,1.08,146,105,71.9,18,10,10,14,36.8,,,,,,2002-2003
Manchester City,2,38,38,3420,,54,1.42,184,130,70.7,15,6,17,10,26.3,,,,,,2002-2003
Manchester Utd,3,38,38,3420,,34,0.89,122,88,72.1,25,8,5,13,34.2,,,,,,2002-2003
Middlesbrough,1,38,38,3420,,44,1.16,184,140,76.1,13,10,15,10,26.3,,,,,,2002-2003
Newcastle Utd,1,38,38,3420,,48,1.26,179,131,73.2,21,6,11,14,36.8,,,,,,2002-2003
Southampton,2,38,38,3420,,46,1.21,197,151,76.6,13,13,12,13,34.2,,,,,,2002-2003
Sunderland,4,38,38,3420,,65,1.71,210,145,69.0,4,7,27,6,15.8,,,,,,2002-2003
Tottenham,1,38,38,3420,,62,1.63,210,148,70.5,14,8,16,5,13.2,,,,,,2002-2003
West Brom,2,38,38,3420,,65,1.71,208,143,68.8,6,8,24,6,15.8,,,,,,2002-2003
West Ham,1,38,38,3420,,59,1.55,198,139,70.2,10,12,16,9,23.7,,,,,,2002-2003
Arsenal,3,38,38,3420,,36,0.95,178,142,79.8,26,9,3,14,36.8,,,,,,2001-2002
Aston Villa,2,38,38,3420,,47,1.24,193,146,75.6,12,14,12,9,23.7,,,,,,2001-2002
Blackburn,2,38,38,3420,,51,1.34,250,199,79.6,12,10,16,8,21.1,,,,,,2001-2002
Bolton,4,38,38,3420,,62,1.63,248,186,75.0,9,13,16,7,18.4,,,,,,2001-2002
Charlton Ath,1,38,38,3420,,49,1.29,223,174,78.0,10,14,14,12,31.6,,,,,,2001-2002
Chelsea,3,38,38,3510,,38,0.97,192,154,80.2,17,13,8,15,39.5,,,,,,2001-2002
Derby County,3,38,38,3410,,63,1.66,248,185,74.6,8,6,24,7,18.4,,,,,,2001-2002
Everton,2,38,38,3420,,57,1.5,241,184,76.3,11,10,17,11,28.9,,,,,,2001-2002
Fulham,2,38,38,3420,,44,1.16,207,163,78.7,10,14,14,15,39.5,,,,,,2001-2002
Ipswich Town,3,38,38,3150,,64,1.83,224,160,71.4,9,9,20,8,21.1,,,,,,2001-2002
Leeds United,1,38,38,3420,,37,0.97,195,158,81.0,18,12,8,18,47.4,,,,,,2001-2002
Leicester City,2,38,38,3420,,64,1.68,242,178,73.6,5,13,20,7,18.4,,,,,,2001-2002
Liverpool,3,38,38,3330,,30,0.81,156,126,80.8,24,8,6,18,47.4,,,,,,2001-2002
Manchester Utd,2,38,38,3440,,44,1.15,168,124,73.8,24,5,9,13,34.2,,,,,,2001-2002
Middlesbrough,3,38,38,3399,,47,1.24,249,202,81.1,12,9,17,12,31.6,,,,,,2001-2002
Newcastle Utd,1,38,38,3420,,52,1.37,225,173,76.9,21,8,9,9,23.7,,,,,,2001-2002
Southampton,2,38,38,3420,,54,1.42,204,150,73.5,12,9,17,9,23.7,,,,,,2001-2002
Sunderland,2,38,38,3420,,51,1.34,229,178,77.7,10,10,18,11,28.9,,,,,,2001-2002
Tottenham,2,38,38,3420,,53,1.39,199,146,73.4,14,8,16,8,21.1,,,,,,2001-2002
West Ham,2,38,38,3420,,57,1.5,215,158,73.5,15,8,15,13,34.2,,,,,,2001-2002
Arsenal,3,38,38,3420,,38,1.0,133,95,71.4,20,10,8,17,44.7,,,,,,2000-2001
Aston Villa,1,38,38,3420,,43,1.13,166,123,74.1,13,15,10,9,23.7,,,,,,2000-2001
Bradford City,3,38,38,3583,,73,1.83,275,202,73.5,5,11,22,6,15.8,,,,,,2000-2001
Charlton Ath,3,38,38,3420,,58,1.53,195,137,70.3,14,10,14,14,36.8,,,,,,2000-2001
Chelsea,2,38,38,3420,,45,1.18,150,105,70.0,17,10,11,10,26.3,,,,,,2000-2001
Coventry City,3,38,38,3420,,63,1.66,220,157,71.4,8,10,20,6,15.8,,,,,,2000-2001
Derby County,2,38,38,3420,,61,1.61,219,158,72.1,10,12,16,9,23.7,,,,,,2000-2001
Everton,3,38,38,3420,,59,1.55,172,113,65.7,11,9,18,8,21.1,,,,,,2000-2001
Ipswich Town,2,38,38,3420,,42,1.11,157,115,73.2,20,6,12,13,34.2,,,,,,2000-2001
Leeds United,2,38,38,3420,,43,1.13,162,119,73.5,20,8,10,11,28.9,,,,,,2000-2001
Leicester City,2,38,38,3420,,51,1.34,202,151,74.8,14,6,18,11,28.9,,,,,,2000-2001
Liverpool,1,38,38,3420,,39,1.03,165,126,76.4,20,9,9,14,36.8,,,,,,2000-2001
Manchester City,3,38,38,3420,,65,1.71,204,139,68.1,8,10,20,7,18.4,,,,,,2000-2001
Manchester Utd,4,38,38,3420,,31,0.82,140,109,77.9,24,8,6,17,44.7,,,,,,2000-2001
Middlesbrough,2,38,38,3150,,41,1.17,180,139,77.2,9,15,14,9,23.7,,,,,,2000-2001
Newcastle Utd,2,38,38,3420,,50,1.32,179,129,72.1,14,9,15,7,18.4,,,,,,2000-2001
Southampton,2,38,38,3420,,48,1.26,182,134,73.6,14,10,14,14,36.8,,,,,,2000-2001
Sunderland,2,38,38,3420,,41,1.08,176,135,76.7,15,12,11,13,34.2,,,,,,2000-2001
Tottenham,2,38,38,3420,,53,1.39,208,155,74.5,13,10,15,11,28.9,,,,,,2000-2001
West Ham,3,38,38,3420,,48,1.26,180,132,73.3,10,12,16,13,34.2,,,,,,2000-2001
Arsenal,2,38,38,3420,,43,1.13,126,83,65.9,22,7,9,10,26.3,,,,,,1999-2000
Aston Villa,3,38,38,3420,,35,0.92,135,100,74.1,15,13,10,9,23.7,,,,,,1999-2000
Bradford City,4,38,38,3420,,68,1.79,240,172,71.7,9,9,20,7,18.4,,,,,,1999-2000
Chelsea,2,38,38,3420,,34,0.89,132,98,74.2,18,11,9,17,44.7,,,,,,1999-2000
Coventry City,2,38,38,3420,,54,1.42,213,159,74.6,12,8,18,9,23.7,,,,,,1999-2000
Derby County,2,38,38,3420,,57,1.5,196,139,70.9,9,11,18,11,28.9,,,,,,1999-2000
Everton,3,38,38,3420,,49,1.29,206,157,76.2,12,14,12,11,28.9,,,,,,1999-2000
Leeds United,1,38,38,3420,,43,1.13,189,146,77.2,21,6,11,13,34.2,,,,,,1999-2000
Leicester City,2,38,38,3420,,55,1.45,179,124,69.3,16,7,15,8,21.1,,,,,,1999-2000
Liverpool,2,38,38,3420,,30,0.79,129,99,76.7,19,10,9,15,39.5,,,,,,1999-2000
Manchester Utd,4,38,38,3421,,45,1.18,156,111,71.2,28,7,3,12,31.6,,,,,,1999-2000
Middlesbrough,2,38,38,3420,,49,1.29,234,185,79.1,14,10,14,9,23.7,,,,,,1999-2000
Newcastle Utd,4,38,38,3420,,54,1.42,150,96,64.0,14,10,14,12,31.6,,,,,,1999-2000
Sheffield Weds,2,38,38,3420,,70,1.84,232,162,69.8,8,7,23,7,18.4,,,,,,1999-2000
Southampton,2,38,38,3448,,62,1.62,212,150,70.8,12,8,18,11,28.9,,,,,,1999-2000
Sunderland,2,38,38,3420,,56,1.47,191,135,70.7,16,10,12,16,42.1,,,,,,1999-2000
Tottenham,1,38,38,3420,,49,1.29,163,114,69.9,15,8,15,8,21.1,,,,,,1999-2000
Watford,2,38,38,3420,,77,2.03,220,143,65.0,6,6,26,6,15.8,,,,,,1999-2000
West Ham,5,38,38,3483,,53,1.37,193,140,72.5,15,10,13,10,26.3,,,,,,1999-2000
Wimbledon,2,38,38,3420,,74,1.95,256,182,71.1,7,12,19,5,13.2,,,,,,1999-2000
Arsenal,2,38,38,3420,,17,0.45,124,107,86.3,22,12,4,23,60.5,,,,,,1998-1999
Aston Villa,3,38,38,3420,,46,1.21,204,158,77.5,15,10,13,15,39.5,,,,,,1998-1999
Blackburn,3,38,38,3420,,52,1.37,189,137,72.5,7,14,17,10,26.3,,,,,,1998-1999
Charlton Ath,3,38,38,3284,,56,1.53,178,122,68.5,8,12,18,11,28.9,,,,,,1998-1999
Chelsea,3,38,38,3330,,30,0.81,136,106,77.9,20,15,3,15,39.5,,,,,,1998-1999
Coventry City,2,38,38,3420,,51,1.34,202,151,74.8,11,9,18,7,18.4,,,,,,1998-1999
Derby County,2,38,38,3450,,45,1.17,193,148,76.7,13,13,12,12,31.6,,,,,,1998-1999
Everton,1,38,38,3420,,47,1.24,177,130,73.4,11,10,17,14,36.8,,,,,,1998-1999
Leeds United,2,38,38,3420,,34,0.89,207,173,83.6,18,13,7,15,39.5,,,,,,1998-1999
Leicester City,2,38,38,3420,,46,1.21,198,152,76.8,12,13,13,14,36.8,,,,,,1998-1999
Liverpool,2,38,38,3420,,49,1.29,181,132,72.9,15,9,14,8,21.1,,,,,,1998-1999
Manchester Utd,2,38,38,3420,,37,0.97,146,109,74.7,22,13,3,13,34.2,,,,,,1998-1999
Middlesbrough,2,38,38,3420,,54,1.42,258,204,79.1,12,15,11,5,13.2,,,,,,1998-1999
Newcastle Utd,2,38,38,3420,,54,1.42,161,107,66.5,11,13,14,13,34.2,,,,,,1998-1999
Nott'ham Forest,2,38,38,3420,,69,1.82,225,156,69.3,7,9,22,6,15.8,,,,,,1998-1999
Sheffield Weds,2,38,38,3440,,42,1.1,192,150,78.1,13,7,18,12,31.6,,,,,,1998-1999
Southampton,2,38,38,3420,,64,1.68,207,143,69.1,11,8,19,9,23.7,,,,,,1998-1999
Tottenham,3,38,38,3420,,50,1.32,179,129,72.1,11,14,13,12,31.6,,,,,,1998-1999
West Ham,2,38,38,3453,,53,1.38,256,203,79.3,16,9,13,16,42.1,,,,,,1998-1999
Wimbledon,1,38,38,3420,,63,1.66,258,195,75.6,10,12,16,7,18.4,,,,,,1998-1999
Arsenal,2,38,38,3420,,33,0.87,134,101,75.4,23,9,6,19,50.0,,,,,,1997-1998
Aston Villa,2,38,38,3420,,48,1.26,163,115,70.6,17,6,15,9,23.7,,,,,,1997-1998
Barnsley,2,38,38,3484,,82,2.12,284,202,71.1,10,5,23,5,13.2,,,,,,1997-1998
Blackburn,3,38,38,3600,,52,1.3,191,139,72.8,16,10,12,14,36.8,,,,,,1997-1998
Bolton,2,38,38,3472,,61,1.58,217,156,71.9,9,13,16,10,26.3,,,,,,1997-1998
Chelsea,2,38,38,3420,,43,1.13,168,125,74.4,20,3,15,14,36.8,,,,,,1997-1998
Coventry City,2,38,38,3510,,44,1.13,192,148,77.1,12,16,10,13,34.2,,,,,,1997-1998
Crystal Palace,1,38,38,3420,,71,1.87,250,179,71.6,8,9,21,6,15.8,,,,,,1997-1998
Derby County,2,38,38,3420,,49,1.29,138,89,64.5,16,7,15,13,34.2,,,,,,1997-1998
Everton,3,38,38,3420,,56,1.47,197,141,71.6,9,13,16,10,26.3,,,,,,1997-1998
Leeds United,2,38,38,3420,,57,1.5,176,119,67.6,17,8,13,11,28.9,,,,,,1997-1998
Leicester City,2,38,38,3420,,41,1.08,194,153,78.9,13,14,11,15,39.5,,,,,,1997-1998
Liverpool,2,38,38,3420,,42,1.11,158,116,73.4,18,11,9,13,34.2,,,,,,1997-1998
Manchester Utd,3,38,38,3510,,26,0.67,138,112,81.2,23,8,7,20,52.6,,,,,,1997-1998
Newcastle Utd,3,38,38,3510,,44,1.13,154,110,71.4,11,11,16,9,23.7,,,,,,1997-1998
Sheffield Weds,2,38,38,3484,,67,1.73,205,138,67.3,12,8,18,8,21.1,,,,,,1997-1998
Southampton,1,38,38,3420,,55,1.45,194,139,71.6,14,6,18,8,21.1,,,,,,1997-1998
Tottenham,2,38,38,3420,,56,1.47,194,138,71.1,11,11,16,10,26.3,,,,,,1997-1998
West Ham,3,38,38,3420,,57,1.5,199,142,71.4,16,8,14,8,21.1,,,,,,1997-1998
Wimbledon,1,38,38,3420,,46,1.21,182,136,74.7,10,14,14,13,34.2,,,,,,1997-1998
Arsenal,3,38,38,3420,,32,0.84,156,124,79.5,19,11,8,16,42.1,,,,,,1996-1997
Aston Villa,2,38,38,3420,,34,0.89,163,129,79.1,17,10,11,15,39.5,,,,,,1996-1997
Blackburn,2,38,38,3420,,43,1.13,183,140,76.5,9,15,14,11,28.9,,,,,,1996-1997
Chelsea,4,38,38,3510,,56,1.44,202,146,72.3,16,11,11,9,23.7,,,,,,1996-1997
Coventry City,1,38,38,3420,,54,1.42,216,162,75.0,9,14,15,9,23.7,,,,,,1996-1997
Derby County,3,38,38,3442,,55,1.44,199,144,72.4,11,13,14,7,18.4,,,,,,1996-1997
Everton,2,38,38,3485,,57,1.47,198,141,71.2,10,12,16,10,26.3,,,,,,1996-1997
Leeds United,2,38,38,3420,,38,1.0,181,143,79.0,11,13,14,20,52.6,,,,,,1996-1997
Leicester City,2,38,38,3420,,54,1.42,203,149,73.4,12,11,15,9,23.7,,,,,,1996-1997
Liverpool,1,38,38,3420,,37,0.97,198,161,81.3,19,11,8,12,31.6,,,,,,1996-1997
Manchester Utd,2,38,38,3420,,44,1.16,175,131,74.9,21,12,5,15,39.5,,,,,,1996-1997
Middlesbrough,4,38,38,3460,,60,1.56,225,165,73.3,10,12,16,6,15.8,,,,,,1996-1997
Newcastle Utd,2,38,38,3420,,40,1.05,188,148,78.7,19,11,8,12,31.6,,,,,,1996-1997
Nott'ham Forest,3,38,38,3420,,59,1.55,203,144,70.9,6,16,16,8,21.1,,,,,,1996-1997
Sheffield Weds,1,38,38,3420,,51,1.34,216,165,76.4,14,15,9,10,26.3,,,,,,1996-1997
Southampton,4,38,38,3584,,57,1.43,218,161,73.9,10,11,17,10,26.3,,,,,,1996-1997
Sunderland,2,38,38,3488,,53,1.37,212,159,75.0,10,10,18,11,28.9,,,,,,1996-1997
Tottenham,2,38,38,3510,,51,1.31,214,163,76.2,13,7,18,13,34.2,,,,,,1996-1997
West Ham,3,38,38,3465,,48,1.25,211,163,77.3,10,12,16,10,26.3,,,,,,1996-1997
Wimbledon,2,38,38,3480,,46,1.19,212,166,78.3,15,11,12,11,28.9,,,,,,1996-1997
Arsenal,1,38,38,3420,,32,0.84,157,125,79.6,17,12,9,16,42.1,,,,,,1995-1996
Aston Villa,2,38,38,3420,,35,0.92,153,118,77.1,18,9,11,13,34.2,,,,,,1995-1996
Blackburn,2,38,38,3420,,47,1.24,161,114,70.8,18,7,13,10,26.3,,,,,,1995-1996
Bolton,3,38,38,3420,,71,1.87,216,145,67.1,8,5,25,4,10.5,,,,,,1995-1996
Chelsea,2,38,38,3420,,44,1.16,172,128,74.4,12,14,12,12,31.6,,,,,,1995-1996
Coventry City,2,38,38,3420,,60,1.58,205,145,70.7,8,14,16,10,26.3,,,,,,1995-1996
Everton,1,38,38,3420,,44,1.16,169,125,74.0,17,10,11,15,39.5,,,,,,1995-1996
Leeds United,3,38,38,3420,,57,1.5,197,140,71.1,12,7,19,10,26.3,,,,,,1995-1996
Liverpool,1,38,38,3420,,34,0.89,166,132,79.5,20,11,7,16,42.1,,,,,,1995-1996
Manchester City,1,38,38,3420,,58,1.53,203,145,71.4,9,11,18,9,23.7,,,,,,1995-1996
Manchester Utd,2,38,38,3420,,35,0.92,154,119,77.3,25,7,6,18,47.4,,,,,,1995-1996
Middlesbrough,2,38,38,3420,,50,1.32,187,137,73.3,11,10,17,10,26.3,,,,,,1995-1996
Newcastle Utd,2,38,38,3320,,37,1.0,160,123,76.9,24,6,8,13,34.2,,,,,,1995-1996
Nott'ham Forest,1,38,38,3420,,54,1.42,173,119,68.8,15,13,10,9,23.7,,,,,,1995-1996
QPR,2,38,38,3420,,57,1.5,208,151,72.6,9,6,23,5,13.2,,,,,,1995-1996
Sheffield Weds,3,38,38,3420,,61,1.61,208,147,70.7,10,10,18,8,21.1,,,,,,1995-1996
Southampton,2,38,38,3420,,52,1.37,192,140,72.9,9,11,18,11,28.9,,,,,,1995-1996
Tottenham,1,38,38,3420,,38,1.0,164,126,76.8,16,13,9,11,28.9,,,,,,1995-1996
West Ham,4,38,38,3434,,52,1.36,171,119,69.6,14,9,15,11,28.9,,,,,,1995-1996
Wimbledon,5,38,38,3420,,70,1.84,222,152,68.5,10,11,17,6,15.8,,,,,,1995-1996
Arsenal,2,42,42,3780,,49,1.17,190,141,74.2,13,12,17,13,31.0,,,,,,1994-1995
Aston Villa,2,42,42,3780,,56,1.33,197,141,71.6,11,15,16,11,26.2,,,,,,1994-1995
Blackburn,2,42,42,3790,,39,0.93,165,126,76.4,27,8,7,16,38.1,,,,,,1994-1995
Chelsea,2,42,42,3780,,55,1.31,214,159,74.3,13,15,14,13,31.0,,,,,,1994-1995
Coventry City,3,42,42,3780,,62,1.48,213,151,70.9,12,14,16,13,31.0,,,,,,1994-1995
Crystal Palace,2,42,42,3780,,49,1.17,196,147,75.0,11,12,19,14,33.3,,,,,,1994-1995
Everton,2,42,42,3780,,51,1.21,232,181,78.0,11,17,14,14,33.3,,,,,,1994-1995
Ipswich Town,3,42,42,3780,,93,2.21,285,192,67.4,7,6,29,3,7.1,,,,,,1994-1995
Leeds United,1,42,42,3780,,38,0.9,198,160,80.8,20,13,9,17,40.5,,,,,,1994-1995
Leicester City,2,42,42,3780,,80,1.9,245,165,67.3,6,11,25,4,9.5,,,,,,1994-1995
Liverpool,1,42,42,3780,,37,0.88,170,133,78.2,21,11,10,16,38.1,,,,,,1994-1995
Manchester City,3,42,42,3780,,64,1.52,224,160,71.4,12,13,17,10,23.8,,,,,,1994-1995
Manchester Utd,3,42,42,3780,,28,0.67,160,132,82.5,26,10,6,24,57.1,,,,,,1994-1995
Newcastle Utd,2,42,42,3730,,47,1.13,185,138,74.6,20,12,10,14,33.3,,,,,,1994-1995
Norwich City,3,42,42,3780,,53,1.26,194,141,72.7,10,13,19,10,23.8,,,,,,1994-1995
Nott'ham Forest,1,42,42,3780,,43,1.02,169,126,74.6,22,11,9,13,31.0,,,,,,1994-1995
QPR,2,42,42,3780,,59,1.4,194,135,69.6,17,9,16,10,23.8,,,,,,1994-1995
Sheffield Weds,2,42,42,3750,,57,1.37,195,138,70.8,13,12,17,12,28.6,,,,,,1994-1995
Southampton,2,42,42,3870,,63,1.47,222,159,71.6,12,18,12,9,21.4,,,,,,1994-1995
Tottenham,2,42,42,3780,,58,1.38,181,123,68.0,16,14,12,11,26.2,,,,,,1994-1995
West Ham,1,42,42,3780,,48,1.14,192,144,75.0,13,11,18,13,31.0,,,,,,1994-1995
Wimbledon,2,42,42,3780,,65,1.55,211,146,69.2,15,11,16,12,28.6,,,,,,1994-1995
Arsenal,2,42,42,3780,,28,0.67,148,120,81.1,18,17,7,21,50.0,,,,,,1993-1994
Aston Villa,2,42,42,3850,,50,1.17,175,125,71.4,15,12,15,12,28.6,,,,,,1993-1994
Blackburn,2,42,42,4860,,59,1.09,253,194,76.7,25,9,8,18,42.9,,,,,,1993-1994
Chelsea,2,42,42,3780,,53,1.26,192,139,72.4,13,12,17,11,26.2,,,,,,1993-1994
Coventry City,2,42,42,3780,,45,1.07,198,153,77.3,14,14,14,14,33.3,,,,,,1993-1994
Everton,1,42,42,3780,,63,1.5,226,163,72.1,12,8,22,10,23.8,,,,,,1993-1994
Ipswich Town,2,42,42,3780,,58,1.38,247,189,76.5,9,16,17,14,33.3,,,,,,1993-1994
Leeds United,2,42,42,3780,,39,0.93,186,147,79.0,18,16,8,18,42.9,,,,,,1993-1994
Liverpool,2,42,42,3750,,55,1.32,191,136,71.2,17,9,16,9,21.4,,,,,,1993-1994
Manchester City,2,42,42,3780,,49,1.17,201,152,75.6,9,18,15,12,28.6,,,,,,1993-1994
Manchester Utd,2,42,42,4410,,47,0.96,187,140,74.9,27,11,4,17,40.5,,,,,,1993-1994
Newcastle Utd,3,42,42,3818,,41,0.97,200,159,79.5,23,8,11,15,35.7,,,,,,1993-1994
Norwich City,2,42,42,3780,,61,1.45,204,143,70.1,12,17,13,10,23.8,,,,,,1993-1994
Oldham Athletic,3,42,42,3330,,59,1.59,187,128,68.4,9,13,20,6,14.3,,,,,,1993-1994
QPR,2,42,42,3780,,61,1.45,196,135,68.9,16,12,14,10,23.8,,,,,,1993-1994
Sheffield Utd,2,42,42,3940,,60,1.37,192,132,68.8,8,18,16,13,31.0,,,,,,1993-1994
Sheffield Weds,2,42,42,3780,,54,1.29,194,140,72.2,16,16,10,10,23.8,,,,,,1993-1994
Southampton,2,42,42,2700,,43,1.43,144,101,70.1,12,7,23,6,14.3,,,,,,1993-1994
Swindon Town,3,42,42,3700,,93,2.26,239,146,61.1,5,15,22,4,9.5,,,,,,1993-1994
Tottenham,2,42,42,3780,,59,1.4,172,113,65.7,11,12,19,9,21.4,,,,,,1993-1994
West Ham,1,42,42,3780,,58,1.38,193,135,69.9,13,13,16,8,19.0,,,,,,1993-1994
Wimbledon,2,42,42,3780,,53,1.26,169,116,68.6,18,11,13,12,28.6,,,,,,1993-1994
Arsenal,2,42,42,3880,,38,0.88,201,163,81.1,15,11,16,16,38.1,,,,,,1992-1993
Aston Villa,2,42,42,3780,,40,0.95,189,149,78.8,21,11,10,15,35.7,,,,,,1992-1993
Blackburn,1,42,42,3780,,46,1.1,184,138,75.0,20,11,11,19,45.2,,,,,,1992-1993
Chelsea,4,42,42,3780,,54,1.29,210,156,74.3,14,14,14,11,26.2,,,,,,1992-1993
Coventry City,2,42,42,3780,,57,1.36,191,134,70.2,13,13,16,11,26.2,,,,,,1992-1993
Crystal Palace,1,42,42,3780,,61,1.45,201,140,69.7,11,16,15,11,26.2,,,,,,1992-1993
Everton,2,42,42,3780,,55,1.31,196,141,71.9,15,8,19,11,26.2,,,,,,1992-1993
Ipswich Town,3,42,42,3780,,55,1.31,188,133,70.7,12,16,14,12,28.6,,,,,,1992-1993
Leeds United,3,42,42,3780,,62,1.48,185,123,66.5,12,15,15,11,26.2,,,,,,1992-1993
Liverpool,3,42,42,3790,,55,1.31,191,136,71.2,16,11,15,12,28.6,,,,,,1992-1993
Manchester City,3,42,42,3780,,51,1.21,188,137,72.9,15,12,15,11,26.2,,,,,,1992-1993
Manchester Utd,1,42,42,3780,,31,0.74,142,111,78.2,24,12,6,18,42.9,,,,,,1992-1993
Middlesbrough,4,42,42,3659,,75,1.84,219,144,65.8,11,11,20,8,19.0,,,,,,1992-1993
Norwich City,1,42,42,3780,,65,1.55,206,141,68.4,21,9,12,11,26.2,,,,,,1992-1993
Nott'ham Forest,2,42,42,3780,,62,1.48,208,146,70.2,10,10,22,9,21.4,,,,,,1992-1993
Oldham Athletic,3,42,42,3780,,74,1.76,208,134,64.4,13,10,19,3,7.1,,,,,,1992-1993
QPR,2,42,42,3770,,55,1.31,192,137,71.4,17,12,13,8,19.0,,,,,,1992-1993
Sheffield Utd,2,42,42,3820,,53,1.25,201,148,73.6,14,10,18,11,26.2,,,,,,1992-1993
Sheffield Weds,2,42,42,3780,,51,1.21,178,127,71.3,15,14,13,9,21.4,,,,,,1992-1993
Southampton,1,42,42,3780,,61,1.45,212,151,71.2,13,11,18,10,23.8,,,,,,1992-1993
Tottenham,2,42,42,3720,,66,1.6,186,120,64.5,16,11,15,10,23.8,,,,,,1992-1993
Wimbledon,2,42,42,3780,,55,1.31,188,133,70.7,14,12,16,13,31.0,,,,,,1992-1993
