Squad,# Pl,90s,Att,Pass Types_Live,Pass Types_Dead,Pass Types_FK,Pass Types_TB,Pass Types_Sw,Pass Types_Crs,Pass Types_TI,Pass Types_CK,Corner Kicks_In,Corner Kicks_Out,Corner Kicks_Str,Outcomes_Cmp,Outcomes_Off,Outcomes_Blocks,Season
Arsenal,25,27.0,15834,14623,1172,369,50,77,505,457,168,114,5,2,13179,39,280,2022-2023
Aston Villa,26,27.0,12723,11428,1251,384,35,79,414,505,108,61,17,4,10082,44,235,2022-2023
Bournemouth,30,27.0,10330,9063,1241,309,24,65,356,504,99,57,19,7,7730,26,242,2022-2023
Brentford,25,27.0,11194,9900,1246,323,44,79,472,541,121,58,29,9,8068,48,223,2022-2023
Brighton,25,25.0,15044,13851,1147,285,48,102,477,496,152,70,61,2,12540,46,253,2022-2023
Chelsea,32,27.0,16238,14898,1279,351,39,101,467,535,151,75,52,2,13533,61,268,2022-2023
Crystal Palace,25,27.0,11940,10609,1288,378,18,82,384,520,115,49,41,4,9231,43,233,2022-2023
Everton,28,28.0,11969,10640,1280,319,34,80,489,523,126,97,24,0,9085,49,234,2022-2023
Fulham,29,27.0,12356,11008,1309,326,11,113,541,590,123,49,48,0,9457,39,282,2022-2023
Leeds United,28,27.0,12478,11031,1406,347,28,57,442,628,145,61,52,4,9265,41,305,2022-2023
Leicester City,28,27.0,14262,12996,1215,312,54,68,364,526,98,49,32,5,11453,51,292,2022-2023
Liverpool,27,26.0,16520,15185,1278,294,61,143,568,619,167,38,112,1,13453,57,270,2022-2023
Manchester City,22,27.0,18658,17516,1104,306,64,138,573,443,177,53,73,8,16202,38,245,2022-2023
Manchester Utd,26,26.0,13650,12503,1092,224,58,122,375,496,114,48,31,1,10896,55,282,2022-2023
Newcastle Utd,26,26.0,12068,10843,1170,304,52,99,511,484,180,64,62,12,9331,55,240,2022-2023
Nott'ham Forest,33,27.0,10597,9311,1245,331,24,56,418,515,89,41,39,1,7663,41,216,2022-2023
Southampton,31,28.0,12146,10818,1289,312,26,69,493,571,121,49,54,2,9023,39,285,2022-2023
Tottenham,27,28.0,14785,13514,1229,296,40,129,544,501,156,86,33,0,12095,42,303,2022-2023
West Ham,25,26.0,11481,10300,1139,235,24,121,553,504,143,91,35,1,8772,42,270,2022-2023
Wolves,31,28.0,13665,12386,1229,310,33,110,490,505,134,52,52,2,10910,50,266,2022-2023
Arsenal,27,38.0,19843,18149,1628,404,77,132,633,679,208,153,23,5,16176,66,309,2021-2022
Aston Villa,31,38.0,16499,14615,1832,525,71,97,670,716,196,111,42,11,12748,52,278,2021-2022
Brentford,29,38.0,16272,14443,1763,432,50,70,640,778,159,84,47,9,11676,66,333,2021-2022
Brighton,26,38.0,20588,18838,1697,390,58,152,728,784,200,84,96,0,16410,53,397,2021-2022
Burnley,23,38.0,14107,12275,1731,370,32,135,747,783,183,152,14,1,9454,101,334,2021-2022
Chelsea,26,38.0,24888,23158,1661,434,77,101,745,713,241,113,100,0,21190,69,364,2021-2022
Crystal Palace,24,38.0,19081,17115,1903,528,40,120,643,844,175,88,44,8,14983,63,316,2021-2022
Everton,33,38.0,14557,12746,1758,413,30,70,653,783,161,83,60,0,10366,53,345,2021-2022
Leeds United,29,38.0,18288,16432,1793,417,66,140,648,798,170,100,38,3,13989,63,368,2021-2022
Leicester City,28,38.0,20137,18268,1809,457,65,105,556,769,185,113,42,2,16129,60,379,2021-2022
Liverpool,27,38.0,25552,23742,1747,436,112,167,897,780,282,47,207,0,21163,63,374,2021-2022
Manchester City,26,38.0,27902,26239,1597,406,102,192,869,664,316,154,50,4,24406,66,355,2021-2022
Manchester Utd,29,38.0,20641,18862,1691,376,80,187,659,725,197,74,88,0,16690,88,369,2021-2022
Newcastle Utd,29,38.0,14036,12203,1762,415,31,114,592,743,160,90,46,14,10201,71,281,2021-2022
Norwich City,28,38.0,16070,14176,1839,474,50,153,568,766,165,90,60,2,12164,55,306,2021-2022
Southampton,25,38.0,16941,15115,1784,411,43,81,711,750,233,106,105,4,12505,42,343,2021-2022
Tottenham,25,38.0,20696,18976,1658,430,88,133,632,676,193,78,62,0,17204,62,332,2021-2022
Watford,30,38.0,14640,12800,1787,394,35,101,610,808,161,90,50,4,10423,53,317,2021-2022
West Ham,25,38.0,18378,16647,1672,309,29,146,802,770,200,135,43,1,14326,59,353,2021-2022
Wolves,26,38.0,19103,17380,1662,420,58,151,587,718,168,41,86,6,15253,61,329,2021-2022
Arsenal,29,38.0,21807,20122,1624,440,34,133,751,663,207,86,64,12,18041,61,311,2020-2021
Aston Villa,24,38.0,16996,15003,1922,590,12,127,779,780,213,106,39,15,12938,71,275,2020-2021
Brighton,27,38.0,19871,18111,1708,404,17,164,686,769,219,71,107,2,15772,52,313,2020-2021
Burnley,25,38.0,15562,13737,1745,461,10,110,772,721,172,154,5,1,10825,80,263,2020-2021
Chelsea,27,38.0,25799,24055,1665,402,29,154,749,732,226,77,113,2,21969,79,362,2020-2021
Crystal Palace,24,38.0,15597,13707,1823,473,8,47,533,772,151,67,29,27,11627,67,351,2020-2021
Everton,29,38.0,18696,17021,1610,426,28,121,662,660,167,93,53,3,14792,65,362,2020-2021
Fulham,28,38.0,19512,17703,1766,469,17,109,710,784,164,54,73,15,15401,43,346,2020-2021
Leeds United,23,38.0,20629,18658,1895,467,27,205,786,809,229,115,78,1,16284,76,364,2020-2021
Leicester City,27,38.0,21216,19423,1722,474,35,92,649,738,212,61,85,5,17014,71,376,2020-2021
Liverpool,28,38.0,26226,24396,1765,409,44,156,862,811,257,51,147,2,21929,65,357,2020-2021
Manchester City,24,38.0,27167,25546,1564,423,38,146,632,656,247,73,86,4,23819,57,320,2020-2021
Manchester Utd,29,38.0,22626,20812,1738,433,34,211,640,760,197,83,87,4,18802,76,401,2020-2021
Newcastle Utd,27,38.0,14709,12864,1787,464,12,122,652,724,161,67,51,20,10839,58,321,2020-2021
Sheffield Utd,27,38.0,16264,14542,1649,347,13,115,666,750,170,118,29,4,12146,73,308,2020-2021
Southampton,29,38.0,19288,17388,1824,496,16,87,554,809,177,82,79,8,14928,76,343,2020-2021
Tottenham,24,38.0,20571,18738,1788,524,28,147,526,750,168,117,37,0,16508,45,361,2020-2021
West Brom,30,38.0,13978,12147,1756,463,13,105,604,727,144,75,21,16,9769,75,275,2020-2021
West Ham,24,38.0,16901,15140,1687,398,15,109,775,741,167,92,60,1,12725,74,357,2020-2021
Wolves,27,38.0,19225,17437,1751,444,20,141,775,735,208,65,70,3,15548,37,336,2020-2021
Arsenal,29,38.0,20410,18463,1874,487,67,153,699,756,231,96,71,3,16634,73,320,2019-2020
Aston Villa,28,38.0,15672,13604,2006,562,17,153,798,797,200,109,34,8,11652,62,307,2019-2020
Bournemouth,27,38.0,16387,14488,1832,450,28,92,646,790,194,104,57,0,12042,67,390,2019-2020
Brighton,25,38.0,20056,18194,1791,394,34,200,689,853,178,78,78,0,15881,71,365,2019-2020
Burnley,22,38.0,14694,12767,1838,408,29,99,743,868,170,158,1,0,10049,89,287,2019-2020
Chelsea,27,38.0,25213,23308,1842,401,61,215,862,876,247,106,82,2,20958,63,361,2019-2020
Crystal Palace,25,38.0,16395,14377,1965,501,19,79,588,886,177,93,32,36,12274,53,318,2019-2020
Everton,24,38.0,17736,15790,1888,463,55,165,804,853,203,105,80,2,13433,58,362,2019-2020
Leicester City,24,38.0,21800,19817,1919,495,68,126,779,883,221,70,100,7,17600,64,368,2019-2020
Liverpool,24,38.0,25891,23952,1886,440,68,283,896,879,257,63,125,2,21276,53,343,2019-2020
Manchester City,24,38.0,28190,26549,1573,352,85,243,915,684,298,113,54,7,24557,68,329,2019-2020
Manchester Utd,29,38.0,21725,19836,1833,466,64,171,635,822,204,86,63,11,17744,56,381,2019-2020
Newcastle Utd,28,38.0,14566,12726,1765,463,18,151,591,715,151,68,45,13,10606,75,304,2019-2020
Norwich City,30,38.0,18869,16961,1858,461,47,124,473,773,162,75,77,2,14965,50,373,2019-2020
Sheffield Utd,26,38.0,16858,14962,1818,375,15,206,866,882,212,150,18,18,12125,78,341,2019-2020
Southampton,25,38.0,17468,15450,1960,448,27,133,690,950,210,106,87,5,12488,58,331,2019-2020
Tottenham,29,38.0,20296,18404,1826,464,79,113,641,785,200,116,51,1,16101,66,344,2019-2020
Watford,26,38.0,15775,13907,1800,398,11,134,684,838,167,92,49,2,11230,68,285,2019-2020
West Ham,29,38.0,16861,14967,1828,432,38,156,737,815,190,111,54,6,12451,66,358,2019-2020
Wolves,21,38.0,18474,16650,1775,405,40,203,718,816,193,55,80,0,14298,49,323,2019-2020
Arsenal,28,38.0,22549,20518,1942,543,65,152,605,823,209,59,65,2,18425,89,453,2018-2019
Bournemouth,28,38.0,17650,15632,1961,512,57,84,613,832,191,74,58,2,13505,57,435,2018-2019
Brighton,21,38.0,15824,13912,1822,330,15,188,636,880,156,90,44,4,11491,90,342,2018-2019
Burnley,23,38.0,14793,12804,1883,395,35,108,692,891,139,98,22,9,10134,106,327,2018-2019
Cardiff City,25,38.0,11715,9823,1815,423,39,60,562,799,168,102,35,19,7170,77,313,2018-2019
Chelsea,24,38.0,26774,24894,1797,471,146,216,692,762,215,74,86,19,22960,83,434,2018-2019
Crystal Palace,26,38.0,16870,14898,1894,435,26,101,577,816,205,89,30,62,12697,78,367,2018-2019
Everton,23,38.0,18477,16376,2032,495,44,140,814,947,215,79,114,4,13878,69,416,2018-2019
Fulham,28,38.0,19303,17396,1817,412,33,145,611,769,161,57,62,7,15096,90,339,2018-2019
Huddersfield,31,38.0,17777,15783,1931,444,22,130,768,930,162,80,55,11,13045,63,418,2018-2019
Leicester City,25,38.0,19068,17065,1931,453,88,186,779,872,210,82,86,14,14640,72,395,2018-2019
Liverpool,23,38.0,25571,23583,1911,463,98,185,721,923,249,82,102,5,21146,77,394,2018-2019
Manchester City,21,38.0,28389,26660,1631,344,112,226,783,739,298,85,121,1,24678,98,384,2018-2019
Manchester Utd,28,38.0,20942,18934,1918,435,63,207,638,859,200,78,70,20,16834,90,373,2018-2019
Newcastle Utd,24,38.0,15231,13359,1813,389,50,217,711,835,181,73,71,11,10774,59,353,2018-2019
Southampton,30,38.0,15930,14072,1797,409,35,139,666,805,193,97,63,22,11463,61,349,2018-2019
Tottenham,28,38.0,23056,21115,1867,457,87,136,643,851,194,54,81,5,18808,74,445,2018-2019
Watford,25,38.0,16974,15065,1820,483,32,117,570,755,177,84,55,0,12550,89,348,2018-2019
West Ham,26,38.0,18038,16053,1914,501,75,161,631,824,188,86,82,4,13847,71,416,2018-2019
Wolves,21,38.0,18261,16415,1773,361,51,194,622,843,195,63,87,3,13961,73,394,2018-2019
Arsenal,30,38.0,25193,23347,1757,432,117,151,572,758,225,132,49,4,20878,89,413,2017-2018
Bournemouth,22,38.0,17962,15874,2036,534,37,112,707,857,218,104,65,1,13450,52,412,2017-2018
Brighton,24,38.0,16372,14549,1725,322,32,203,680,797,163,89,59,5,11838,98,355,2017-2018
Burnley,24,38.0,15340,13382,1858,463,19,107,707,822,167,69,66,14,10524,100,313,2017-2018
Chelsea,26,38.0,23101,21232,1761,445,69,203,755,748,230,54,76,7,18967,108,405,2017-2018
Crystal Palace,28,38.0,16114,14109,1949,456,30,83,703,874,210,85,37,68,11809,56,361,2017-2018
Everton,30,38.0,16472,14537,1853,417,25,114,629,850,150,70,62,7,11953,82,397,2017-2018
Huddersfield,25,38.0,16822,14785,1970,478,26,82,765,927,165,101,32,6,12036,67,415,2017-2018
Leicester City,27,38.0,17124,15046,1986,424,63,170,744,954,203,137,28,0,12357,92,370,2017-2018
Liverpool,27,38.0,24900,23034,1796,391,106,146,764,896,230,122,69,1,20367,70,382,2017-2018
Manchester City,25,38.0,29961,28178,1716,418,118,213,691,779,284,17,141,2,26164,67,404,2017-2018
Manchester Utd,27,38.0,21865,19929,1848,456,85,176,753,809,220,111,65,1,17765,88,398,2017-2018
Newcastle Utd,27,38.0,15659,13725,1871,444,67,114,616,837,167,75,58,8,11071,63,355,2017-2018
Southampton,26,38.0,19027,17044,1910,423,56,169,800,862,227,130,65,7,14336,73,423,2017-2018
Stoke City,30,38.0,14569,12544,1938,460,33,111,598,875,136,73,46,11,10122,87,320,2017-2018
Swansea City,26,38.0,17437,15500,1899,472,23,141,694,825,150,99,36,2,13223,38,347,2017-2018
Tottenham,25,38.0,23695,21612,1995,483,83,196,825,948,246,95,89,7,19284,88,437,2017-2018
Watford,29,38.0,17513,15484,1955,484,27,138,713,926,183,92,62,2,12758,74,438,2017-2018
West Brom,24,38.0,15004,13059,1866,394,34,96,784,855,176,122,32,11,10495,79,348,2017-2018
West Ham,27,38.0,16197,14112,1988,482,51,134,733,900,161,98,37,5,11779,97,396,2017-2018
