Squad,# Pl,Age,Poss,Playing Time_MP,Playing Time_Starts,Playing Time_Min,Playing Time_90s,Performance_Gls,Performance_Ast,Performance_G+A,Performance_G-PK,Performance_PK,Performance_PKatt,Performance_CrdY,Performance_CrdR,Expected_xG,Expected_npxG,Expected_xAG,Expected_npxG+xAG,Progression_PrgC,Progression_PrgP,Per 90 Minutes_Gls,Per 90 Minutes_Ast,Per 90 Minutes_G+A,Per 90 Minutes_G-PK,Per 90 Minutes_G+A-PK,Per 90 Minutes_xG,Per 90 Minutes_xAG,Per 90 Minutes_xG+xAG,Per 90 Minutes_npxG,Per 90 Minutes_npxG+xAG,Season
Arsenal,25,25.1,60.0,27,297,2430.0,27.0,59,44,103,57,2,2,39.0,0.0,52.2,51.0,38.2,89.2,618.0,1516.0,2.19,1.63,3.81,2.11,3.74,1.93,1.41,3.35,1.89,3.3,2022-2023
Aston Villa,26,27.6,49.1,27,297,2430.0,27.0,33,23,56,30,3,3,53.0,1.0,34.7,32.5,26.1,58.6,431.0,904.0,1.22,0.85,2.07,1.11,1.96,1.29,0.97,2.25,1.2,2.17,2022-2023
Bournemouth,30,27.0,38.4,27,297,2430.0,27.0,25,19,44,25,0,0,49.0,0.0,22.7,22.7,18.0,40.7,332.0,658.0,0.93,0.7,1.63,0.93,1.63,0.84,0.67,1.51,0.84,1.51,2022-2023
Brentford,25,26.8,44.3,27,297,2430.0,27.0,42,24,66,36,6,6,39.0,1.0,39.2,34.5,26.6,61.1,275.0,822.0,1.56,0.89,2.44,1.33,2.22,1.45,0.99,2.44,1.28,2.26,2022-2023
Brighton,25,27.4,59.1,25,275,2250.0,25.0,42,27,69,38,4,4,33.0,0.0,42.8,39.8,31.0,70.8,511.0,1239.0,1.68,1.08,2.76,1.52,2.6,1.71,1.24,2.95,1.59,2.83,2022-2023
Chelsea,32,27.3,59.0,27,297,2430.0,27.0,29,20,49,26,3,3,58.0,3.0,33.6,31.3,25.6,57.0,557.0,1177.0,1.07,0.74,1.81,0.96,1.7,1.25,0.95,2.19,1.16,2.11,2022-2023
Crystal Palace,25,27.6,43.8,27,297,2430.0,27.0,20,17,37,20,0,2,65.0,3.0,24.0,22.3,18.2,40.6,348.0,820.0,0.74,0.63,1.37,0.74,1.37,0.89,0.68,1.56,0.83,1.5,2022-2023
Everton,28,27.3,43.9,28,308,2520.0,28.0,21,17,38,19,2,2,64.0,0.0,30.8,29.2,22.0,51.2,365.0,750.0,0.75,0.61,1.36,0.68,1.29,1.1,0.79,1.88,1.04,1.83,2022-2023
Fulham,29,29.0,47.0,27,297,2430.0,27.0,35,21,56,31,4,7,64.0,1.0,33.7,28.2,20.2,48.4,461.0,894.0,1.3,0.78,2.07,1.15,1.93,1.25,0.75,2.0,1.04,1.79,2022-2023
Leeds United,28,25.7,48.8,27,297,2430.0,27.0,33,25,58,32,1,2,62.0,2.0,33.8,32.3,23.6,55.9,423.0,1019.0,1.22,0.93,2.15,1.19,2.11,1.25,0.88,2.13,1.2,2.07,2022-2023
Leicester City,28,27.0,49.8,27,297,2430.0,27.0,36,26,62,35,1,2,41.0,1.0,34.3,32.7,28.5,61.2,439.0,1008.0,1.33,0.96,2.3,1.3,2.26,1.27,1.06,2.33,1.21,2.27,2022-2023
Liverpool,27,28.1,60.2,26,286,2340.0,26.0,43,35,78,43,0,1,34.0,1.0,47.5,46.7,36.9,83.7,481.0,1371.0,1.65,1.35,3.0,1.65,3.0,1.83,1.42,3.25,1.8,3.22,2022-2023
Manchester City,22,27.9,64.2,27,297,2430.0,27.0,65,49,114,59,6,6,33.0,1.0,56.1,51.3,40.5,91.9,715.0,1535.0,2.41,1.81,4.22,2.19,4.0,2.08,1.5,3.58,1.9,3.4,2022-2023
Manchester Utd,26,27.6,52.6,26,286,2340.0,26.0,39,31,70,37,2,2,58.0,2.0,40.8,39.2,32.1,71.3,458.0,1008.0,1.5,1.19,2.69,1.42,2.62,1.57,1.23,2.8,1.51,2.74,2022-2023
Newcastle Utd,26,28.1,51.2,26,286,2340.0,26.0,38,24,62,34,4,4,47.0,1.0,41.7,38.7,30.2,68.9,444.0,1094.0,1.46,0.92,2.38,1.31,2.23,1.6,1.16,2.77,1.49,2.65,2022-2023
Nott'ham Forest,33,27.2,40.7,27,297,2430.0,27.0,21,12,33,20,1,3,59.0,0.0,28.2,25.9,20.4,46.2,332.0,661.0,0.78,0.44,1.22,0.74,1.19,1.04,0.75,1.8,0.96,1.71,2022-2023
Southampton,31,25.1,45.1,28,308,2520.0,28.0,23,15,38,22,1,3,52.0,0.0,27.7,25.2,20.8,46.0,419.0,855.0,0.82,0.54,1.36,0.79,1.32,0.99,0.74,1.73,0.9,1.64,2022-2023
Tottenham,27,28.4,50.5,28,308,2520.0,28.0,50,33,83,47,3,4,57.0,2.0,41.0,37.9,30.6,68.4,536.0,1132.0,1.79,1.18,2.96,1.68,2.86,1.46,1.09,2.55,1.35,2.44,2022-2023
West Ham,25,28.7,43.5,26,286,2340.0,26.0,24,12,36,19,5,7,33.0,0.0,33.5,28.8,21.5,50.4,418.0,920.0,0.92,0.46,1.38,0.73,1.19,1.29,0.83,2.12,1.11,1.94,2022-2023
Wolves,31,27.3,50.2,28,308,2520.0,28.0,20,10,30,18,2,2,58.0,6.0,29.0,27.5,21.0,48.5,482.0,1052.0,0.71,0.36,1.07,0.64,1.0,1.04,0.75,1.79,0.98,1.73,2022-2023
Arsenal,27,24.4,52.8,38,418,3420.0,38.0,60,41,101,55,5,8,67.0,4.0,60.5,55.1,40.2,95.4,734.0,1655.0,1.58,1.08,2.66,1.45,2.53,1.59,1.06,2.65,1.45,2.51,2021-2022
Aston Villa,31,26.1,46.5,38,418,3420.0,38.0,50,42,92,47,3,3,81.0,2.0,44.0,42.0,34.8,76.8,653.0,1300.0,1.32,1.11,2.42,1.24,2.34,1.16,0.92,2.08,1.1,2.02,2021-2022
Brentford,29,25.4,44.8,38,418,3420.0,38.0,46,33,79,40,6,6,65.0,3.0,45.8,41.1,33.0,74.1,450.0,1189.0,1.21,0.87,2.08,1.05,1.92,1.21,0.87,2.07,1.08,1.95,2021-2022
Brighton,26,26.2,54.4,38,418,3420.0,38.0,40,30,70,36,4,7,72.0,2.0,46.2,40.7,32.3,72.9,676.0,1547.0,1.05,0.79,1.84,0.95,1.74,1.21,0.85,2.06,1.07,1.92,2021-2022
Burnley,23,28.5,40.2,38,418,3420.0,38.0,32,26,58,31,1,2,68.0,2.0,39.7,38.1,31.2,69.3,388.0,972.0,0.84,0.68,1.53,0.82,1.5,1.05,0.82,1.87,1.0,1.82,2021-2022
Chelsea,26,27.4,61.8,38,418,3420.0,38.0,75,52,127,67,8,9,63.0,1.0,63.4,56.6,44.9,101.5,894.0,1967.0,1.97,1.37,3.34,1.76,3.13,1.67,1.18,2.85,1.49,2.67,2021-2022
Crystal Palace,24,27.1,51.1,38,418,3420.0,38.0,50,31,81,44,6,8,69.0,1.0,46.4,40.1,31.0,71.1,592.0,1229.0,1.32,0.82,2.13,1.16,1.97,1.22,0.82,2.04,1.06,1.87,2021-2022
Everton,33,26.7,40.0,38,418,3420.0,38.0,42,29,71,36,6,7,82.0,6.0,41.2,35.8,28.5,64.3,512.0,1100.0,1.11,0.76,1.87,0.95,1.71,1.09,0.75,1.83,0.94,1.69,2021-2022
Leeds United,29,26.1,52.3,38,418,3420.0,38.0,42,26,68,37,5,5,101.0,3.0,44.4,40.4,31.3,71.8,671.0,1483.0,1.11,0.68,1.79,0.97,1.66,1.17,0.82,1.99,1.06,1.89,2021-2022
Leicester City,28,26.5,52.0,38,418,3420.0,38.0,62,46,108,60,2,2,55.0,1.0,47.8,46.2,34.2,80.4,622.0,1356.0,1.63,1.21,2.84,1.58,2.79,1.26,0.9,2.16,1.22,2.12,2021-2022
Liverpool,27,27.7,62.7,38,418,3420.0,38.0,94,71,165,87,7,8,50.0,1.0,88.7,82.7,63.5,146.2,885.0,2243.0,2.47,1.87,4.34,2.29,4.16,2.33,1.67,4.0,2.18,3.85,2021-2022
Manchester City,26,27.0,67.9,38,418,3420.0,38.0,96,63,159,89,7,9,42.0,1.0,88.7,81.4,65.5,146.9,1145.0,2421.0,2.53,1.66,4.18,2.34,4.0,2.33,1.72,4.06,2.14,3.87,2021-2022
Manchester Utd,29,27.2,52.7,38,418,3420.0,38.0,56,46,102,53,3,5,77.0,2.0,55.8,51.9,42.5,94.3,784.0,1568.0,1.47,1.21,2.68,1.39,2.61,1.47,1.12,2.59,1.36,2.48,2021-2022
Newcastle Utd,29,27.5,40.4,38,418,3420.0,38.0,41,23,64,38,3,3,81.0,2.0,38.1,35.9,25.8,61.7,544.0,923.0,1.08,0.61,1.68,1.0,1.61,1.0,0.68,1.68,0.94,1.62,2021-2022
Norwich City,28,26.2,42.9,38,418,3420.0,38.0,21,16,37,18,3,3,57.0,1.0,32.3,30.0,24.3,54.3,566.0,1031.0,0.55,0.42,0.97,0.47,0.89,0.85,0.64,1.49,0.79,1.43,2021-2022
Southampton,25,25.7,47.7,38,418,3420.0,38.0,41,26,67,37,4,4,65.0,2.0,44.8,41.6,32.5,74.1,728.0,1326.0,1.08,0.68,1.76,0.97,1.66,1.18,0.85,2.03,1.1,1.95,2021-2022
Tottenham,25,26.5,51.8,38,418,3420.0,38.0,63,50,113,58,5,5,69.0,1.0,61.2,57.3,47.0,104.4,791.0,1459.0,1.66,1.32,2.97,1.53,2.84,1.61,1.24,2.85,1.51,2.75,2021-2022
Watford,30,28.4,40.7,38,418,3420.0,38.0,33,26,59,32,1,2,63.0,3.0,40.0,38.4,32.5,70.9,557.0,1070.0,0.87,0.68,1.55,0.84,1.53,1.05,0.86,1.91,1.01,1.87,2021-2022
West Ham,25,28.2,47.9,38,418,3420.0,38.0,58,46,104,54,4,6,52.0,3.0,51.4,46.8,37.4,84.2,646.0,1449.0,1.53,1.21,2.74,1.42,2.63,1.35,0.99,2.34,1.23,2.22,2021-2022
Wolves,26,27.3,49.5,38,418,3420.0,38.0,35,22,57,34,1,1,62.0,2.0,37.5,36.8,26.4,63.2,723.0,1283.0,0.92,0.58,1.5,0.89,1.47,0.99,0.69,1.68,0.97,1.66,2021-2022
Arsenal,29,25.9,53.5,38,418,3420.0,38.0,53,38,91,47,6,6,49.0,5.0,51.8,47.0,35.1,82.1,758.0,1760.0,1.39,1.0,2.39,1.24,2.24,1.36,0.92,2.29,1.24,2.16,2020-2021
Aston Villa,24,25.2,48.5,38,418,3420.0,38.0,52,38,90,47,5,6,71.0,4.0,52.5,47.9,37.4,85.3,629.0,1420.0,1.37,1.0,2.37,1.24,2.24,1.38,0.98,2.37,1.26,2.25,2020-2021
Brighton,27,25.8,51.1,38,418,3420.0,38.0,39,24,63,33,6,9,49.0,6.0,50.9,43.8,33.2,77.0,685.0,1516.0,1.03,0.63,1.66,0.87,1.5,1.34,0.87,2.21,1.15,2.03,2020-2021
Burnley,25,28.3,42.1,38,418,3420.0,38.0,32,20,52,29,3,3,48.0,0.0,39.3,36.9,27.7,64.6,389.0,1012.0,0.84,0.53,1.37,0.76,1.29,1.03,0.73,1.76,0.97,1.7,2020-2021
Chelsea,27,26.0,60.9,38,418,3420.0,38.0,56,38,94,48,8,10,51.0,3.0,62.4,54.5,41.5,96.1,895.0,1798.0,1.47,1.0,2.47,1.26,2.26,1.64,1.09,2.74,1.44,2.53,2020-2021
Crystal Palace,24,29.1,40.6,38,418,3420.0,38.0,39,29,68,36,3,4,56.0,2.0,34.1,31.0,23.6,54.6,526.0,1132.0,1.03,0.76,1.79,0.95,1.71,0.9,0.62,1.52,0.82,1.44,2020-2021
Everton,29,26.3,46.4,38,418,3420.0,38.0,45,32,77,41,4,5,59.0,2.0,45.7,41.9,30.7,72.6,604.0,1184.0,1.18,0.84,2.03,1.08,1.92,1.2,0.81,2.01,1.1,1.91,2020-2021
Fulham,28,25.2,49.7,38,418,3420.0,38.0,26,18,44,23,3,6,67.0,3.0,40.5,35.9,26.3,62.2,727.0,1354.0,0.68,0.47,1.16,0.61,1.08,1.07,0.69,1.76,0.95,1.64,2020-2021
Leeds United,23,26.1,57.3,38,418,3420.0,38.0,60,45,105,56,4,4,61.0,1.0,55.6,52.5,41.9,94.3,811.0,1633.0,1.58,1.18,2.76,1.47,2.66,1.46,1.1,2.57,1.38,2.48,2020-2021
Leicester City,27,26.5,54.3,38,418,3420.0,38.0,64,45,109,54,10,12,61.0,0.0,55.8,46.3,33.7,80.1,666.0,1464.0,1.68,1.18,2.87,1.42,2.61,1.47,0.89,2.36,1.22,2.11,2020-2021
Liverpool,28,26.8,62.1,38,418,3420.0,38.0,65,43,108,59,6,6,40.0,0.0,67.5,62.9,48.3,111.2,886.0,2057.0,1.71,1.13,2.84,1.55,2.68,1.78,1.27,3.05,1.66,2.93,2020-2021
Manchester City,24,26.1,63.5,38,418,3420.0,38.0,82,55,137,77,5,9,46.0,2.0,68.2,61.2,45.4,106.6,1096.0,2051.0,2.16,1.45,3.61,2.03,3.47,1.8,1.19,2.99,1.61,2.81,2020-2021
Manchester Utd,29,25.6,55.7,38,418,3420.0,38.0,70,51,121,60,10,11,64.0,1.0,60.1,51.4,41.6,93.1,877.0,1832.0,1.84,1.34,3.18,1.58,2.92,1.58,1.1,2.68,1.35,2.45,2020-2021
Newcastle Utd,27,27.1,38.8,38,418,3420.0,38.0,44,26,70,38,6,7,65.0,3.0,43.4,37.8,29.0,66.8,467.0,903.0,1.16,0.68,1.84,1.0,1.68,1.14,0.76,1.91,1.0,1.76,2020-2021
Sheffield Utd,27,26.7,41.7,38,418,3420.0,38.0,19,13,32,16,3,4,73.0,3.0,32.6,29.5,24.9,54.4,491.0,1196.0,0.5,0.34,0.84,0.42,0.76,0.86,0.66,1.52,0.78,1.43,2020-2021
Southampton,29,26.6,52.0,38,418,3420.0,38.0,47,33,80,42,5,6,52.0,3.0,41.2,36.6,25.8,62.5,626.0,1195.0,1.24,0.87,2.11,1.11,1.97,1.09,0.68,1.77,0.96,1.64,2020-2021
Tottenham,24,27.2,51.6,38,418,3420.0,38.0,66,50,116,61,5,5,57.0,2.0,53.1,49.2,35.3,84.4,633.0,1330.0,1.74,1.32,3.05,1.61,2.92,1.4,0.93,2.33,1.29,2.22,2020-2021
West Brom,30,26.4,37.9,38,418,3420.0,38.0,33,20,53,29,4,4,51.0,4.0,35.8,32.7,24.4,57.1,441.0,1027.0,0.87,0.53,1.39,0.76,1.29,0.94,0.64,1.59,0.86,1.5,2020-2021
West Ham,24,27.8,43.2,38,418,3420.0,38.0,60,46,106,58,2,4,50.0,3.0,55.4,52.1,39.6,91.7,658.0,1282.0,1.58,1.21,2.79,1.53,2.74,1.46,1.04,2.5,1.37,2.41,2020-2021
Wolves,27,26.3,49.3,38,418,3420.0,38.0,34,21,55,30,4,4,55.0,1.0,36.5,33.4,24.1,57.6,800.0,1283.0,0.89,0.55,1.45,0.79,1.34,0.96,0.63,1.6,0.88,1.51,2020-2021
Arsenal,29,25.8,53.8,38,418,3420.0,38.0,56,35,91,53,3,3,88.0,5.0,47.0,44.6,31.4,76.1,815.0,1641.0,1.47,0.92,2.39,1.39,2.32,1.24,0.83,2.06,1.17,2.0,2019-2020
Aston Villa,28,25.7,44.1,38,418,3420.0,38.0,40,32,72,39,1,3,70.0,1.0,44.3,41.8,34.2,76.0,639.0,1247.0,1.05,0.84,1.89,1.03,1.87,1.16,0.9,2.06,1.1,2.0,2019-2020
Bournemouth,27,25.2,44.1,38,418,3420.0,38.0,38,24,62,34,4,4,78.0,3.0,44.8,41.7,30.6,72.3,601.0,1256.0,1.0,0.63,1.63,0.89,1.53,1.18,0.8,1.98,1.1,1.9,2019-2020
Brighton,25,26.4,52.2,38,418,3420.0,38.0,35,24,59,34,1,2,59.0,2.0,45.4,43.8,31.6,75.4,669.0,1675.0,0.92,0.63,1.55,0.89,1.53,1.2,0.83,2.03,1.15,1.99,2019-2020
Burnley,22,28.0,41.9,38,418,3420.0,38.0,41,30,71,38,3,3,67.0,0.0,47.4,45.3,32.4,77.7,437.0,890.0,1.08,0.79,1.87,1.0,1.79,1.25,0.85,2.1,1.19,2.04,2019-2020
Chelsea,27,25.5,60.4,38,418,3420.0,38.0,69,46,115,62,7,7,60.0,0.0,69.2,64.4,46.7,111.1,983.0,1897.0,1.82,1.21,3.03,1.63,2.84,1.82,1.23,3.05,1.7,2.92,2019-2020
Crystal Palace,25,29.4,44.8,38,418,3420.0,38.0,29,20,49,26,3,3,62.0,2.0,35.8,33.6,26.0,59.5,596.0,1223.0,0.76,0.53,1.29,0.68,1.21,0.94,0.68,1.63,0.88,1.57,2019-2020
Everton,24,25.5,49.0,38,418,3420.0,38.0,42,32,74,41,1,1,76.0,3.0,50.8,50.0,38.1,88.1,623.0,1430.0,1.11,0.84,1.95,1.08,1.92,1.34,1.0,2.34,1.32,2.32,2019-2020
Leicester City,24,26.1,57.1,38,418,3420.0,38.0,65,48,113,60,5,7,43.0,3.0,62.2,56.7,44.9,101.6,739.0,1612.0,1.71,1.26,2.97,1.58,2.84,1.64,1.18,2.82,1.49,2.67,2019-2020
Liverpool,24,26.6,62.9,38,418,3420.0,38.0,83,69,152,78,5,5,38.0,1.0,68.9,65.0,53.0,118.0,967.0,1941.0,2.18,1.82,4.0,2.05,3.87,1.81,1.39,3.21,1.71,3.1,2019-2020
Manchester City,24,26.9,66.2,38,418,3420.0,38.0,100,69,169,94,6,11,64.0,4.0,92.0,83.6,68.4,152.0,1199.0,2460.0,2.63,1.82,4.45,2.47,4.29,2.42,1.8,4.22,2.2,4.0,2019-2020
Manchester Utd,29,24.8,55.8,38,418,3420.0,38.0,65,43,108,55,10,14,73.0,0.0,62.2,51.2,38.5,89.7,926.0,1788.0,1.71,1.13,2.84,1.45,2.58,1.64,1.01,2.65,1.35,2.36,2019-2020
Newcastle Utd,28,26.5,39.0,38,418,3420.0,38.0,38,29,67,38,0,1,66.0,3.0,35.5,34.8,26.9,61.7,537.0,844.0,1.0,0.76,1.76,1.0,1.76,0.94,0.71,1.64,0.91,1.62,2019-2020
Norwich City,30,26.0,49.3,38,418,3420.0,38.0,25,18,43,23,2,2,68.0,3.0,37.0,35.4,27.4,62.8,673.0,1169.0,0.66,0.47,1.13,0.61,1.08,0.97,0.72,1.69,0.93,1.65,2019-2020
Sheffield Utd,26,26.9,43.1,38,418,3420.0,38.0,36,25,61,35,1,1,63.0,2.0,43.0,42.2,34.0,76.3,493.0,1352.0,0.95,0.66,1.61,0.92,1.58,1.13,0.9,2.03,1.11,2.01,2019-2020
Southampton,25,25.9,48.9,38,418,3420.0,38.0,51,32,83,49,2,5,55.0,4.0,56.1,52.1,36.4,88.5,628.0,1335.0,1.34,0.84,2.18,1.29,2.13,1.48,0.96,2.43,1.37,2.33,2019-2020
Tottenham,29,26.7,52.0,38,418,3420.0,38.0,56,39,95,53,3,4,84.0,3.0,47.9,44.7,32.6,77.3,768.0,1410.0,1.47,1.03,2.5,1.39,2.42,1.26,0.86,2.12,1.18,2.03,2019-2020
Watford,26,28.9,42.9,38,418,3420.0,38.0,35,21,56,28,7,8,80.0,3.0,48.9,42.6,31.4,74.0,578.0,1168.0,0.92,0.55,1.47,0.74,1.29,1.29,0.83,2.11,1.12,1.95,2019-2020
West Ham,29,27.4,44.1,38,418,3420.0,38.0,49,36,85,45,4,4,64.0,1.0,48.6,45.4,36.7,82.2,666.0,1377.0,1.29,0.95,2.24,1.18,2.13,1.28,0.97,2.24,1.2,2.16,2019-2020
Wolves,21,26.6,48.3,38,418,3420.0,38.0,49,34,83,45,4,4,61.0,2.0,54.1,51.0,37.5,88.5,858.0,1338.0,1.29,0.89,2.18,1.18,2.08,1.42,0.99,2.41,1.34,2.33,2019-2020
Arsenal,28,26.7,58.1,38,418,3420.0,38.0,69,52,121,65,4,5,73.0,2.0,60.1,56.0,46.7,102.7,868.0,1874.0,1.82,1.37,3.18,1.71,3.08,1.58,1.23,2.81,1.47,2.7,2018-2019
Bournemouth,28,26.6,46.9,38,418,3420.0,38.0,55,43,98,48,7,9,60.0,1.0,53.3,46.2,38.8,85.0,738.0,1435.0,1.45,1.13,2.58,1.26,2.39,1.4,1.02,2.42,1.22,2.24,2018-2019
Brighton,21,27.4,42.4,38,418,3420.0,38.0,35,24,59,30,5,6,61.0,4.0,35.3,30.7,24.5,55.2,475.0,1150.0,0.92,0.63,1.55,0.79,1.42,0.93,0.64,1.57,0.81,1.45,2018-2019
Burnley,23,28.0,41.2,38,418,3420.0,38.0,43,32,75,41,2,2,75.0,1.0,44.4,42.8,31.2,74.0,421.0,1032.0,1.13,0.84,1.97,1.08,1.92,1.17,0.82,1.99,1.13,1.95,2018-2019
Cardiff City,25,27.7,35.4,38,418,3420.0,38.0,33,20,53,30,3,4,66.0,1.0,42.4,39.2,27.6,66.8,434.0,918.0,0.87,0.53,1.39,0.79,1.32,1.11,0.73,1.84,1.03,1.76,2018-2019
Chelsea,24,27.3,62.9,38,418,3420.0,38.0,61,52,113,56,5,5,49.0,0.0,58.6,54.6,44.9,99.6,1058.0,2155.0,1.61,1.37,2.97,1.47,2.84,1.54,1.18,2.72,1.44,2.62,2018-2019
Crystal Palace,26,27.4,45.2,38,418,3420.0,38.0,48,33,81,38,10,11,58.0,2.0,47.6,39.2,29.5,68.7,771.0,1458.0,1.26,0.87,2.13,1.0,1.87,1.25,0.78,2.03,1.03,1.81,2018-2019
Everton,23,25.7,51.5,38,418,3420.0,38.0,53,34,87,51,2,5,56.0,4.0,49.7,45.7,33.7,79.4,697.0,1581.0,1.39,0.89,2.29,1.34,2.24,1.31,0.89,2.19,1.2,2.09,2018-2019
Fulham,28,26.0,48.8,38,418,3420.0,38.0,33,24,57,31,2,3,70.0,2.0,41.3,39.0,30.0,69.0,628.0,1487.0,0.87,0.63,1.5,0.82,1.45,1.09,0.79,1.88,1.03,1.82,2018-2019
Huddersfield,31,26.2,47.2,38,418,3420.0,38.0,21,13,34,20,1,1,56.0,4.0,28.8,28.0,19.9,47.9,601.0,1248.0,0.55,0.34,0.89,0.53,0.87,0.76,0.52,1.28,0.74,1.26,2018-2019
Leicester City,25,25.9,50.9,38,418,3420.0,38.0,48,34,82,43,5,7,60.0,5.0,52.4,47.3,37.6,84.9,752.0,1537.0,1.26,0.89,2.16,1.13,2.03,1.38,0.99,2.37,1.24,2.23,2018-2019
Liverpool,23,26.1,61.8,38,418,3420.0,38.0,86,55,141,79,7,7,39.0,2.0,73.7,68.4,49.8,118.2,857.0,2008.0,2.26,1.45,3.71,2.08,3.53,1.94,1.31,3.25,1.8,3.11,2018-2019
Manchester City,21,26.7,67.9,38,418,3420.0,38.0,91,71,162,88,3,4,44.0,1.0,84.3,81.3,65.5,146.7,1325.0,2429.0,2.39,1.87,4.26,2.32,4.18,2.22,1.72,3.94,2.14,3.86,2018-2019
Manchester Utd,28,26.3,54.7,38,418,3420.0,38.0,65,40,105,56,9,12,75.0,4.0,61.4,52.0,39.6,91.6,801.0,1668.0,1.71,1.05,2.76,1.47,2.53,1.62,1.04,2.66,1.37,2.41,2018-2019
Newcastle Utd,24,26.9,40.4,38,418,3420.0,38.0,41,33,74,40,1,3,57.0,2.0,39.1,36.7,27.4,64.1,467.0,985.0,1.08,0.87,1.95,1.05,1.92,1.03,0.72,1.75,0.97,1.69,2018-2019
Southampton,30,25.4,43.4,38,418,3420.0,38.0,44,27,71,40,4,5,73.0,3.0,46.9,43.4,29.3,72.7,603.0,1333.0,1.16,0.71,1.87,1.05,1.76,1.23,0.77,2.0,1.14,1.91,2018-2019
Tottenham,28,26.8,59.0,38,418,3420.0,38.0,66,47,113,62,4,4,57.0,3.0,54.9,51.8,39.1,90.9,840.0,1744.0,1.74,1.24,2.97,1.63,2.87,1.44,1.03,2.47,1.36,2.39,2018-2019
Watford,25,28.5,46.7,38,418,3420.0,38.0,51,39,90,50,1,1,79.0,4.0,48.2,47.5,34.8,82.3,588.0,1294.0,1.34,1.03,2.37,1.32,2.34,1.27,0.92,2.19,1.25,2.17,2018-2019
West Ham,26,27.6,48.6,38,418,3420.0,38.0,51,33,84,46,5,5,59.0,1.0,47.6,43.8,34.1,77.9,731.0,1478.0,1.34,0.87,2.21,1.21,2.08,1.25,0.9,2.15,1.15,2.05,2018-2019
Wolves,21,26.1,46.8,38,418,3420.0,38.0,46,35,81,42,4,4,73.0,1.0,52.1,49.0,39.4,88.4,743.0,1350.0,1.21,0.92,2.13,1.11,2.03,1.37,1.04,2.41,1.29,2.33,2018-2019
Arsenal,30,26.8,61.4,38,418,3420.0,38.0,73,61,134,69,4,5,,,68.3,64.3,53.3,117.6,915.0,2223.0,1.92,1.61,3.53,1.82,3.42,1.8,1.4,3.2,1.69,3.1,2017-2018
Bournemouth,22,26.9,48.1,38,418,3420.0,38.0,45,36,81,42,3,3,,,38.8,36.4,29.1,65.5,702.0,1526.0,1.18,0.95,2.13,1.11,2.05,1.02,0.77,1.79,0.96,1.72,2017-2018
Brighton,24,27.5,43.7,38,418,3420.0,38.0,33,25,58,28,5,7,,,37.0,31.8,26.2,58.0,523.0,1230.0,0.87,0.66,1.53,0.74,1.39,0.97,0.69,1.66,0.84,1.53,2017-2018
Burnley,24,27.5,43.7,38,418,3420.0,38.0,35,26,61,35,0,0,,,32.3,32.3,23.6,55.9,431.0,1103.0,0.92,0.68,1.61,0.92,1.61,0.85,0.62,1.47,0.85,1.47,2017-2018
Chelsea,26,26.7,55.6,38,418,3420.0,38.0,60,42,102,57,3,3,,,54.4,52.0,41.5,93.5,1045.0,1998.0,1.58,1.11,2.68,1.5,2.61,1.43,1.09,2.52,1.37,2.46,2017-2018
Crystal Palace,28,27.1,45.2,38,418,3420.0,38.0,44,26,70,36,8,10,,,53.5,45.9,33.3,79.2,727.0,1308.0,1.16,0.68,1.84,0.95,1.63,1.41,0.88,2.28,1.21,2.08,2017-2018
Everton,30,26.7,45.5,38,418,3420.0,38.0,42,26,68,37,5,8,,,40.5,34.1,24.7,58.8,477.0,1161.0,1.11,0.68,1.79,0.97,1.66,1.07,0.65,1.71,0.9,1.55,2017-2018
Huddersfield,25,26.4,45.7,38,418,3420.0,38.0,25,19,44,23,2,2,,,31.3,29.8,23.7,53.5,627.0,1210.0,0.66,0.5,1.16,0.61,1.11,0.82,0.62,1.45,0.78,1.41,2017-2018
Leicester City,27,27.2,48.0,38,418,3420.0,38.0,53,38,91,48,5,6,,,50.0,45.3,34.9,80.2,655.0,1271.0,1.39,1.0,2.39,1.26,2.26,1.32,0.92,2.24,1.19,2.11,2017-2018
Liverpool,27,25.6,60.3,38,418,3420.0,38.0,82,58,140,80,2,3,,,72.9,70.6,52.7,123.3,982.0,2236.0,2.16,1.53,3.68,2.11,3.63,1.92,1.39,3.31,1.86,3.24,2017-2018
Manchester City,25,26.4,71.0,38,418,3420.0,38.0,103,85,188,97,6,8,,,78.6,72.7,57.9,130.6,1308.0,2570.0,2.71,2.24,4.95,2.55,4.79,2.07,1.52,3.59,1.91,3.44,2017-2018
Manchester Utd,27,26.7,54.7,38,418,3420.0,38.0,67,53,120,66,1,3,,,55.7,53.3,40.5,93.8,920.0,1564.0,1.76,1.39,3.16,1.74,3.13,1.47,1.07,2.53,1.4,2.47,2017-2018
Newcastle Utd,27,25.6,41.7,38,418,3420.0,38.0,38,29,67,38,0,1,,,41.6,40.9,32.1,72.9,548.0,1145.0,1.0,0.76,1.76,1.0,1.76,1.1,0.84,1.94,1.08,1.92,2017-2018
Southampton,26,26.2,51.3,38,418,3420.0,38.0,36,23,59,33,3,3,,,39.9,37.6,29.5,67.0,694.0,1609.0,0.95,0.61,1.55,0.87,1.47,1.05,0.78,1.83,0.99,1.76,2017-2018
Stoke City,30,27.5,41.4,38,418,3420.0,38.0,34,28,62,34,0,3,,,36.5,34.1,27.4,61.4,477.0,1150.0,0.89,0.74,1.63,0.89,1.63,0.96,0.72,1.68,0.9,1.62,2017-2018
Swansea City,26,27.2,45.3,38,418,3420.0,38.0,27,20,47,26,1,1,,,31.6,30.8,20.2,51.0,596.0,1194.0,0.71,0.53,1.24,0.68,1.21,0.83,0.53,1.36,0.81,1.34,2017-2018
Tottenham,25,25.8,61.8,38,418,3420.0,38.0,70,51,121,68,2,3,,,64.7,62.3,49.0,111.3,862.0,2249.0,1.84,1.34,3.18,1.79,3.13,1.7,1.29,2.99,1.64,2.93,2017-2018
Watford,29,27.9,49.7,38,418,3420.0,38.0,42,27,69,39,3,6,,,45.0,40.2,29.2,69.4,647.0,1455.0,1.11,0.71,1.82,1.03,1.74,1.19,0.77,1.95,1.06,1.83,2017-2018
West Brom,24,29.1,40.7,38,418,3420.0,38.0,31,24,55,30,1,1,,,36.5,35.7,25.9,61.6,507.0,1106.0,0.82,0.63,1.45,0.79,1.42,0.96,0.68,1.64,0.94,1.62,2017-2018
West Ham,27,28.0,45.2,38,418,3420.0,38.0,48,29,77,46,2,4,,,36.7,33.6,24.9,58.4,523.0,1179.0,1.26,0.76,2.03,1.21,1.97,0.97,0.65,1.62,0.88,1.54,2017-2018
Arsenal,29,26.9,58.9,38,418,3420.0,38.0,73,55,128,69,4,6,0.0,0.0,,,,,,,1.92,1.45,3.37,1.82,3.26,,,,,,2016-2017
Bournemouth,27,27.0,51.5,38,418,3420.0,38.0,53,33,86,46,7,10,0.0,2.0,,,,,,,1.39,0.87,2.26,1.21,2.08,,,,,,2016-2017
Burnley,27,27.7,40.3,38,418,3420.0,38.0,39,24,63,33,6,6,0.0,1.0,,,,,,,1.03,0.63,1.66,0.87,1.5,,,,,,2016-2017
Chelsea,24,27.2,55.1,38,418,3420.0,38.0,83,53,136,81,2,4,0.0,0.0,,,,,,,2.18,1.39,3.58,2.13,3.53,,,,,,2016-2017
Crystal Palace,31,27.7,45.4,38,418,3420.0,38.0,48,32,80,44,4,7,0.0,0.0,,,,,,,1.26,0.84,2.11,1.16,2.0,,,,,,2016-2017
Everton,27,27.5,52.1,38,418,3420.0,38.0,58,45,103,55,3,4,0.0,1.0,,,,,,,1.53,1.18,2.71,1.45,2.63,,,,,,2016-2017
Hull City,28,27.4,45.9,38,418,3420.0,38.0,36,24,60,33,3,3,0.0,0.0,,,,,,,0.95,0.63,1.58,0.87,1.5,,,,,,2016-2017
Leicester City,25,27.8,41.9,38,418,3420.0,38.0,46,32,78,42,4,6,0.0,0.0,,,,,,,1.21,0.84,2.05,1.11,1.95,,,,,,2016-2017
Liverpool,23,26.1,62.0,38,418,3420.0,38.0,77,52,129,70,7,8,0.0,0.0,,,,,,,2.03,1.37,3.39,1.84,3.21,,,,,,2016-2017
Manchester City,25,28.5,65.0,38,418,3420.0,38.0,75,54,129,68,7,9,0.0,0.0,,,,,,,1.97,1.42,3.39,1.79,3.21,,,,,,2016-2017
Manchester Utd,31,26.7,56.5,38,418,3420.0,38.0,54,37,91,51,3,4,0.0,1.0,,,,,,,1.42,0.97,2.39,1.34,2.32,,,,,,2016-2017
Middlesbrough,27,27.3,47.3,38,418,3420.0,38.0,26,22,48,24,2,2,0.0,1.0,,,,,,,0.68,0.58,1.26,0.63,1.21,,,,,,2016-2017
Southampton,26,26.0,54.4,38,418,3420.0,38.0,39,27,66,36,3,6,0.0,1.0,,,,,,,1.03,0.71,1.74,0.95,1.66,,,,,,2016-2017
Stoke City,26,28.7,46.3,38,418,3420.0,38.0,37,24,61,33,4,6,0.0,1.0,,,,,,,0.97,0.63,1.61,0.87,1.5,,,,,,2016-2017
Sunderland,31,26.8,39.7,38,418,3420.0,38.0,28,11,39,23,5,5,0.0,3.0,,,,,,,0.74,0.29,1.03,0.61,0.89,,,,,,2016-2017
Swansea City,27,27.4,47.9,38,418,3420.0,38.0,45,31,76,42,3,3,0.0,0.0,,,,,,,1.18,0.82,2.0,1.11,1.92,,,,,,2016-2017
Tottenham,24,25.3,60.5,38,418,3420.0,38.0,84,59,143,77,7,9,0.0,0.0,,,,,,,2.21,1.55,3.76,2.03,3.58,,,,,,2016-2017
Watford,33,29.0,46.1,38,418,3420.0,38.0,39,27,66,36,3,3,0.0,3.0,,,,,,,1.03,0.71,1.74,0.95,1.66,,,,,,2016-2017
West Brom,23,29.4,37.3,38,418,3420.0,38.0,43,33,76,42,1,1,0.0,0.0,,,,,,,1.13,0.87,2.0,1.11,1.97,,,,,,2016-2017
West Ham,29,27.1,47.1,38,418,3420.0,38.0,46,28,74,43,3,4,0.0,4.0,,,,,,,1.21,0.74,1.95,1.13,1.87,,,,,,2016-2017
Arsenal,25,27.0,58.3,38,418,3420.0,38.0,62,53,115,61,1,2,0.0,0.0,,,,,,,1.63,1.39,3.03,1.61,3.0,,,,,,2015-2016
Aston Villa,29,26.6,46.4,38,418,3420.0,38.0,24,19,43,22,2,2,0.0,0.0,,,,,,,0.63,0.5,1.13,0.58,1.08,,,,,,2015-2016
Bournemouth,28,27.7,51.2,38,418,3420.0,38.0,43,28,71,40,3,4,0.0,0.0,,,,,,,1.13,0.74,1.87,1.05,1.79,,,,,,2015-2016
Chelsea,28,26.8,56.2,38,418,3420.0,38.0,55,40,95,51,4,5,0.0,0.0,,,,,,,1.45,1.05,2.5,1.34,2.39,,,,,,2015-2016
Crystal Palace,30,27.7,45.8,38,418,3420.0,38.0,38,21,59,34,4,5,0.0,0.0,,,,,,,1.0,0.55,1.55,0.89,1.45,,,,,,2015-2016
Everton,31,26.5,51.9,38,418,3420.0,38.0,56,44,100,52,4,5,0.0,0.0,,,,,,,1.47,1.16,2.63,1.37,2.53,,,,,,2015-2016
Leicester City,23,27.7,42.6,38,418,3420.0,38.0,68,43,111,58,10,13,0.0,0.0,,,,,,,1.79,1.13,2.92,1.53,2.66,,,,,,2015-2016
Liverpool,34,25.2,57.2,38,418,3420.0,38.0,62,50,112,60,2,2,0.0,0.0,,,,,,,1.63,1.32,2.95,1.58,2.89,,,,,,2015-2016
Manchester City,25,28.3,56.9,38,418,3420.0,38.0,71,53,124,66,5,8,0.0,0.0,,,,,,,1.87,1.39,3.26,1.74,3.13,,,,,,2015-2016
Manchester Utd,33,25.6,58.5,38,418,3420.0,38.0,46,31,77,43,3,3,0.0,0.0,,,,,,,1.21,0.82,2.03,1.13,1.95,,,,,,2015-2016
Newcastle Utd,31,25.4,46.6,38,418,3420.0,38.0,43,34,77,40,3,3,0.0,0.0,,,,,,,1.13,0.89,2.03,1.05,1.95,,,,,,2015-2016
Norwich City,28,27.7,46.0,38,418,3420.0,38.0,38,27,65,37,1,1,0.0,0.0,,,,,,,1.0,0.71,1.71,0.97,1.68,,,,,,2015-2016
Southampton,26,26.4,49.2,38,418,3420.0,38.0,58,45,103,55,3,4,0.0,0.0,,,,,,,1.53,1.18,2.71,1.45,2.63,,,,,,2015-2016
Stoke City,27,27.4,49.7,38,418,3420.0,38.0,40,29,69,35,5,5,0.0,0.0,,,,,,,1.05,0.76,1.82,0.92,1.68,,,,,,2015-2016
Sunderland,31,27.3,41.0,38,418,3420.0,38.0,44,30,74,41,3,3,0.0,0.0,,,,,,,1.16,0.79,1.95,1.08,1.87,,,,,,2015-2016
Swansea City,27,27.6,52.5,38,418,3420.0,38.0,41,25,66,36,5,5,0.0,0.0,,,,,,,1.08,0.66,1.74,0.95,1.61,,,,,,2015-2016
Tottenham,24,24.5,57.4,38,418,3420.0,38.0,68,50,118,63,5,5,0.0,0.0,,,,,,,1.79,1.32,3.11,1.66,2.97,,,,,,2015-2016
Watford,25,28.2,45.1,38,418,3420.0,38.0,38,18,56,32,6,7,0.0,0.0,,,,,,,1.0,0.47,1.47,0.84,1.32,,,,,,2015-2016
West Brom,28,29.1,39.8,38,418,3420.0,38.0,32,25,57,31,1,5,0.0,0.0,,,,,,,0.84,0.66,1.5,0.82,1.47,,,,,,2015-2016
West Ham,28,26.6,48.4,38,418,3420.0,38.0,64,38,102,60,4,4,0.0,0.0,,,,,,,1.68,1.0,2.68,1.58,2.58,,,,,,2015-2016
Arsenal,29,26.1,56.6,38,418,3420.0,38.0,69,47,116,63,6,7,0.0,0.0,,,,,,,1.82,1.24,3.05,1.66,2.89,,,,,,2014-2015
Aston Villa,27,26.3,49.0,38,418,3420.0,38.0,31,23,54,30,1,1,0.0,0.0,,,,,,,0.82,0.61,1.42,0.79,1.39,,,,,,2014-2015
Burnley,24,27.2,42.5,38,418,3420.0,38.0,27,22,49,26,1,2,0.0,0.0,,,,,,,0.71,0.58,1.29,0.68,1.26,,,,,,2014-2015
Chelsea,25,27.0,55.9,38,418,3420.0,38.0,72,59,131,68,4,5,0.0,0.0,,,,,,,1.89,1.55,3.45,1.79,3.34,,,,,,2014-2015
Crystal Palace,30,27.8,40.4,38,418,3420.0,38.0,46,27,73,41,5,7,0.0,0.0,,,,,,,1.21,0.71,1.92,1.08,1.79,,,,,,2014-2015
Everton,28,27.9,54.7,38,418,3420.0,38.0,47,31,78,43,4,7,0.0,0.0,,,,,,,1.24,0.82,2.05,1.13,1.95,,,,,,2014-2015
Hull City,29,27.4,44.2,38,418,3420.0,38.0,32,22,54,31,1,1,0.0,0.0,,,,,,,0.84,0.58,1.42,0.82,1.39,,,,,,2014-2015
Leicester City,28,27.9,43.5,38,418,3420.0,38.0,45,29,74,42,3,3,0.0,0.0,,,,,,,1.18,0.76,1.95,1.11,1.87,,,,,,2014-2015
Liverpool,25,25.2,55.8,38,418,3420.0,38.0,48,30,78,43,5,6,0.0,0.0,,,,,,,1.26,0.79,2.05,1.13,1.92,,,,,,2014-2015
Manchester City,24,28.6,59.8,38,418,3420.0,38.0,82,61,143,75,7,8,0.0,0.0,,,,,,,2.16,1.61,3.76,1.97,3.58,,,,,,2014-2015
Manchester Utd,33,26.0,61.2,38,418,3420.0,38.0,60,41,101,57,3,5,0.0,0.0,,,,,,,1.58,1.08,2.66,1.5,2.58,,,,,,2014-2015
Newcastle Utd,27,25.9,47.7,38,418,3420.0,38.0,40,30,70,39,1,1,0.0,0.0,,,,,,,1.05,0.79,1.84,1.03,1.82,,,,,,2014-2015
QPR,32,28.2,45.2,38,418,3420.0,38.0,39,29,68,36,3,5,0.0,0.0,,,,,,,1.03,0.76,1.79,0.95,1.71,,,,,,2014-2015
Southampton,29,26.0,53.1,38,418,3420.0,38.0,49,32,81,47,2,3,0.0,0.0,,,,,,,1.29,0.84,2.13,1.24,2.08,,,,,,2014-2015
Stoke City,25,27.4,50.4,38,418,3420.0,38.0,47,30,77,44,3,3,0.0,0.0,,,,,,,1.24,0.79,2.03,1.16,1.95,,,,,,2014-2015
Sunderland,25,27.8,45.2,38,417,3420.0,38.0,30,20,50,26,4,4,0.0,0.0,,,,,,,0.79,0.53,1.32,0.68,1.21,,,,,,2014-2015
Swansea City,27,26.6,50.1,38,418,3420.0,38.0,43,34,77,41,2,2,0.0,0.0,,,,,,,1.13,0.89,2.03,1.08,1.97,,,,,,2014-2015
Tottenham,27,24.4,57.0,38,418,3420.0,38.0,56,40,96,53,3,5,0.0,0.0,,,,,,,1.47,1.05,2.53,1.39,2.45,,,,,,2014-2015
West Brom,26,28.0,43.7,38,418,3420.0,38.0,37,29,66,33,4,5,0.0,0.0,,,,,,,0.97,0.76,1.74,0.87,1.63,,,,,,2014-2015
West Ham,28,26.8,45.6,38,418,3420.0,38.0,43,34,77,42,1,2,0.0,0.0,,,,,,,1.13,0.89,2.03,1.11,2.0,,,,,,2014-2015
Arsenal,27,26.8,,38,418,,,68,48,116,65,3,3,0.0,0.0,,,,,,,1.79,1.26,3.05,1.71,2.97,,,,,,2013-2014
Aston Villa,26,24.6,,38,418,,,38,25,63,36,2,4,0.0,0.0,,,,,,,1.0,0.66,1.66,0.95,1.61,,,,,,2013-2014
Cardiff City,32,25.4,,38,418,,,31,24,55,30,1,1,0.0,0.0,,,,,,,0.82,0.63,1.45,0.79,1.42,,,,,,2013-2014
Chelsea,29,27.7,,38,418,,,69,39,108,64,5,7,0.0,0.0,,,,,,,1.82,1.03,2.84,1.68,2.71,,,,,,2013-2014
Crystal Palace,31,28.1,,38,418,,,32,21,53,27,5,6,0.0,0.0,,,,,,,0.84,0.55,1.39,0.71,1.26,,,,,,2013-2014
Everton,28,27.6,,38,418,,,58,42,100,55,3,3,0.0,0.0,,,,,,,1.53,1.11,2.63,1.45,2.55,,,,,,2013-2014
Fulham,39,29.0,,38,418,,,38,28,66,36,2,3,0.0,0.0,,,,,,,1.0,0.74,1.74,0.95,1.68,,,,,,2013-2014
Hull City,27,27.5,,38,418,,,35,21,56,33,2,3,0.0,0.0,,,,,,,0.92,0.55,1.47,0.87,1.42,,,,,,2013-2014
Liverpool,25,25.7,,38,418,,,97,61,158,87,10,12,0.0,0.0,,,,,,,2.55,1.61,4.16,2.29,3.89,,,,,,2013-2014
Manchester City,23,27.7,,38,418,,,97,63,160,91,6,7,0.0,0.0,,,,,,,2.55,1.66,4.21,2.39,4.05,,,,,,2013-2014
Manchester Utd,30,26.7,,38,418,,,63,37,100,58,5,5,0.0,0.0,,,,,,,1.66,0.97,2.63,1.53,2.5,,,,,,2013-2014
Newcastle Utd,26,26.4,,38,418,,,41,25,66,39,2,3,0.0,0.0,,,,,,,1.08,0.66,1.74,1.03,1.68,,,,,,2013-2014
Norwich City,25,26.3,,38,418,,,28,18,46,27,1,2,0.0,0.0,,,,,,,0.74,0.47,1.21,0.71,1.18,,,,,,2013-2014
Southampton,24,25.1,,38,418,,,52,37,89,49,3,3,0.0,0.0,,,,,,,1.37,0.97,2.34,1.29,2.26,,,,,,2013-2014
Stoke City,26,27.3,,38,418,,,44,26,70,40,4,5,0.0,0.0,,,,,,,1.16,0.68,1.84,1.05,1.74,,,,,,2013-2014
Sunderland,31,26.5,,38,418,,,41,24,65,35,6,6,0.0,0.0,,,,,,,1.08,0.63,1.71,0.92,1.55,,,,,,2013-2014
Swansea City,27,26.5,,38,418,,,47,37,84,43,4,4,0.0,0.0,,,,,,,1.24,0.97,2.21,1.13,2.11,,,,,,2013-2014
Tottenham,28,25.2,,38,418,,,50,33,83,45,5,6,0.0,0.0,,,,,,,1.32,0.87,2.18,1.18,2.05,,,,,,2013-2014
West Brom,28,28.4,,38,418,,,41,27,68,39,2,2,0.0,0.0,,,,,,,1.08,0.71,1.79,1.03,1.74,,,,,,2013-2014
West Ham,29,28.5,,38,418,,,36,22,58,34,2,2,0.0,0.0,,,,,,,0.95,0.58,1.53,0.89,1.47,,,,,,2013-2014
Arsenal,26,25.6,,38,418,,,69,54,123,64,5,6,37.0,4.0,,,,,,,1.82,1.42,3.24,1.68,3.11,,,,,,2012-2013
Aston Villa,28,24.1,,38,418,,,47,34,81,44,3,3,72.0,3.0,,,,,,,1.24,0.89,2.13,1.16,2.05,,,,,,2012-2013
Chelsea,26,26.4,,38,418,,,71,50,121,62,9,11,51.0,3.0,,,,,,,1.87,1.32,3.18,1.63,2.95,,,,,,2012-2013
Everton,23,28.8,,38,418,,,53,42,95,51,2,2,59.0,3.0,,,,,,,1.39,1.11,2.5,1.34,2.45,,,,,,2012-2013
Fulham,29,30.4,,38,418,,,45,32,77,39,6,6,48.0,3.0,,,,,,,1.18,0.84,2.03,1.03,1.87,,,,,,2012-2013
Liverpool,28,26.2,,38,418,,,67,47,114,62,5,6,54.0,2.0,,,,,,,1.76,1.24,3.0,1.63,2.87,,,,,,2012-2013
Manchester City,25,26.7,,38,418,,,64,45,109,60,4,6,63.0,3.0,,,,,,,1.68,1.18,2.87,1.58,2.76,,,,,,2012-2013
Manchester Utd,25,27.3,,38,418,,,80,63,143,76,4,7,57.0,1.0,,,,,,,2.11,1.66,3.76,2.0,3.66,,,,,,2012-2013
Newcastle Utd,32,26.2,,38,418,,,43,22,65,39,4,5,71.0,4.0,,,,,,,1.13,0.58,1.71,1.03,1.61,,,,,,2012-2013
Norwich City,27,26.7,,38,418,,,40,27,67,39,1,2,60.0,1.0,,,,,,,1.05,0.71,1.76,1.03,1.74,,,,,,2012-2013
QPR,30,28.2,,38,418,,,29,22,51,28,1,4,59.0,3.0,,,,,,,0.76,0.58,1.34,0.74,1.32,,,,,,2012-2013
Reading,28,27.2,,38,418,,,41,28,69,37,4,4,45.0,1.0,,,,,,,1.08,0.74,1.82,0.97,1.71,,,,,,2012-2013
Southampton,25,25.3,,38,418,,,46,25,71,43,3,3,43.0,2.0,,,,,,,1.21,0.66,1.87,1.13,1.79,,,,,,2012-2013
Stoke City,24,27.1,,38,418,,,33,23,56,30,3,5,76.0,4.0,,,,,,,0.87,0.61,1.47,0.79,1.39,,,,,,2012-2013
Sunderland,29,26.2,,38,418,,,39,24,63,35,4,4,61.0,3.0,,,,,,,1.03,0.63,1.66,0.92,1.55,,,,,,2012-2013
Swansea City,25,26.6,,38,418,,,47,32,79,47,0,0,57.0,2.0,,,,,,,1.24,0.84,2.08,1.24,2.08,,,,,,2012-2013
Tottenham,28,26.3,,38,418,,,62,45,107,62,0,0,54.0,2.0,,,,,,,1.63,1.18,2.82,1.63,2.82,,,,,,2012-2013
West Brom,25,27.6,,38,418,,,50,38,88,45,5,7,62.0,4.0,,,,,,,1.32,1.0,2.32,1.18,2.18,,,,,,2012-2013
West Ham,26,28.0,,38,418,,,43,33,76,39,4,4,74.0,1.0,,,,,,,1.13,0.87,2.0,1.03,1.89,,,,,,2012-2013
Wigan Athletic,28,27.7,,38,418,,,45,35,80,44,1,1,66.0,2.0,,,,,,,1.18,0.92,2.11,1.16,2.08,,,,,,2012-2013
Arsenal,32,25.2,,38,418,,,73,57,130,71,2,3,64.0,4.0,,,,,,,1.92,1.5,3.42,1.87,3.37,,,,,,2011-2012
Aston Villa,27,27.3,,38,418,,,37,26,63,34,3,3,69.0,2.0,,,,,,,0.97,0.68,1.66,0.89,1.58,,,,,,2011-2012
Blackburn,31,25.5,,38,418,,,44,32,76,40,4,8,66.0,5.0,,,,,,,1.16,0.84,2.0,1.05,1.89,,,,,,2011-2012
Bolton,30,27.4,,38,418,,,43,29,72,38,5,6,50.0,5.0,,,,,,,1.13,0.76,1.89,1.0,1.76,,,,,,2011-2012
Chelsea,29,27.6,,38,418,,,63,45,108,59,4,5,74.0,4.0,,,,,,,1.66,1.18,2.84,1.55,2.74,,,,,,2011-2012
Everton,29,28.6,,38,407,,,47,32,79,42,5,5,61.0,2.0,,,,,,,1.24,0.84,2.08,1.11,1.95,,,,,,2011-2012
Fulham,28,29.6,,38,418,,,44,31,75,41,3,4,54.0,0.0,,,,,,,1.16,0.82,1.97,1.08,1.89,,,,,,2011-2012
Liverpool,26,26.3,,38,418,,,42,23,65,41,1,4,52.0,5.0,,,,,,,1.11,0.61,1.71,1.08,1.68,,,,,,2011-2012
Manchester City,24,25.8,,38,418,,,91,73,164,84,7,8,51.0,5.0,,,,,,,2.39,1.92,4.32,2.21,4.13,,,,,,2011-2012
Manchester Utd,31,26.3,,38,418,,,87,69,156,78,9,11,51.0,1.0,,,,,,,2.29,1.82,4.11,2.05,3.87,,,,,,2011-2012
Newcastle Utd,26,25.6,,38,418,,,51,36,87,49,2,3,65.0,2.0,,,,,,,1.34,0.95,2.29,1.29,2.24,,,,,,2011-2012
Norwich City,27,25.8,,38,418,,,52,33,85,50,2,2,58.0,3.0,,,,,,,1.37,0.87,2.24,1.32,2.18,,,,,,2011-2012
QPR,34,28.8,,38,418,,,41,25,66,39,2,2,53.0,9.0,,,,,,,1.08,0.66,1.74,1.03,1.68,,,,,,2011-2012
Stoke City,23,27.9,,38,418,,,35,28,63,31,4,6,60.0,2.0,,,,,,,0.92,0.74,1.66,0.82,1.55,,,,,,2011-2012
Sunderland,28,25.8,,38,418,,,43,25,68,42,1,2,58.0,4.0,,,,,,,1.13,0.66,1.79,1.11,1.76,,,,,,2011-2012
Swansea City,25,25.4,,38,418,,,43,24,67,38,5,6,40.0,2.0,,,,,,,1.13,0.63,1.76,1.0,1.63,,,,,,2011-2012
Tottenham,29,27.6,,38,418,,,66,48,114,62,4,5,43.0,3.0,,,,,,,1.74,1.26,3.0,1.63,2.89,,,,,,2011-2012
West Brom,25,27.8,,38,418,,,44,30,74,43,1,2,47.0,1.0,,,,,,,1.16,0.79,1.95,1.13,1.92,,,,,,2011-2012
Wigan Athletic,23,26.3,,38,418,,,41,22,63,36,5,7,67.0,3.0,,,,,,,1.08,0.58,1.66,0.95,1.53,,,,,,2011-2012
Wolves,32,26.0,,38,418,,,40,25,65,37,3,4,64.0,4.0,,,,,,,1.05,0.66,1.71,0.97,1.63,,,,,,2011-2012
Arsenal,27,24.8,,38,418,,,70,51,121,66,4,7,65.0,6.0,,,,,,,1.84,1.34,3.18,1.74,3.08,,,,,,2010-2011
Aston Villa,32,27.5,,38,418,,,45,32,77,41,4,6,70.0,2.0,,,,,,,1.18,0.84,2.03,1.08,1.92,,,,,,2010-2011
Birmingham City,26,28.0,,38,418,,,37,23,60,35,2,2,56.0,3.0,,,,,,,0.97,0.61,1.58,0.92,1.53,,,,,,2010-2011
Blackburn,29,27.8,,38,418,,,43,28,71,42,1,2,64.0,5.0,,,,,,,1.13,0.74,1.87,1.11,1.84,,,,,,2010-2011
Blackpool,30,26.8,,38,418,,,54,29,83,47,7,8,47.0,2.0,,,,,,,1.42,0.76,2.18,1.24,2.0,,,,,,2010-2011
Bolton,24,28.1,,38,418,,,50,34,84,46,4,5,66.0,5.0,,,,,,,1.32,0.89,2.21,1.21,2.11,,,,,,2010-2011
Chelsea,24,28.2,,38,418,,,68,39,107,62,6,8,59.0,1.0,,,,,,,1.79,1.03,2.82,1.63,2.66,,,,,,2010-2011
Everton,24,28.1,,38,418,,,50,33,83,47,3,4,56.0,5.0,,,,,,,1.32,0.87,2.18,1.24,2.11,,,,,,2010-2011
Fulham,29,29.8,,38,418,,,48,32,80,46,2,3,52.0,1.0,,,,,,,1.26,0.84,2.11,1.21,2.05,,,,,,2010-2011
Liverpool,30,26.9,,38,418,,,58,30,88,51,7,8,63.0,2.0,,,,,,,1.53,0.79,2.32,1.34,2.13,,,,,,2010-2011
Manchester City,27,25.4,,38,418,,,56,35,91,48,8,9,71.0,5.0,,,,,,,1.47,0.92,2.39,1.26,2.18,,,,,,2010-2011
Manchester Utd,29,28.3,,38,418,,,75,59,134,72,3,5,56.0,3.0,,,,,,,1.97,1.55,3.53,1.89,3.45,,,,,,2010-2011
Newcastle Utd,30,26.3,,38,418,,,55,35,90,50,5,5,78.0,2.0,,,,,,,1.45,0.92,2.37,1.32,2.24,,,,,,2010-2011
Stoke City,25,27.6,,38,418,,,44,28,72,41,3,3,69.0,2.0,,,,,,,1.16,0.74,1.89,1.08,1.82,,,,,,2010-2011
Sunderland,31,25.0,,38,418,,,41,23,64,37,4,5,56.0,5.0,,,,,,,1.08,0.61,1.68,0.97,1.58,,,,,,2010-2011
Tottenham,28,26.6,,38,418,,,54,34,88,49,5,5,50.0,2.0,,,,,,,1.42,0.89,2.32,1.29,2.18,,,,,,2010-2011
West Brom,28,26.7,,38,418,,,52,37,89,48,4,6,51.0,7.0,,,,,,,1.37,0.97,2.34,1.26,2.24,,,,,,2010-2011
West Ham,35,27.9,,38,418,,,41,21,62,36,5,6,58.0,1.0,,,,,,,1.08,0.55,1.63,0.95,1.5,,,,,,2010-2011
Wigan Athletic,25,25.8,,38,418,,,37,20,57,35,2,3,67.0,4.0,,,,,,,0.97,0.53,1.5,0.92,1.45,,,,,,2010-2011
Wolves,30,25.8,,38,418,,,45,29,74,42,3,3,62.0,2.0,,,,,,,1.18,0.76,1.95,1.11,1.87,,,,,,2010-2011
Arsenal,30,25.3,,38,418,,,79,53,132,76,3,4,56.0,1.0,,,,,,,2.08,1.39,3.47,2.0,3.39,,,,,,2009-2010
Aston Villa,23,27.9,,38,418,,,48,34,82,43,5,8,58.0,2.0,,,,,,,1.26,0.89,2.16,1.13,2.03,,,,,,2009-2010
Birmingham City,25,26.8,,38,418,,,36,22,58,34,2,4,73.0,1.0,,,,,,,0.95,0.58,1.53,0.89,1.47,,,,,,2009-2010
Blackburn,28,27.3,,38,417,,,38,22,60,35,3,3,57.0,2.0,,,,,,,1.0,0.58,1.58,0.92,1.5,,,,,,2009-2010
Bolton,25,27.4,,38,418,,,42,24,66,38,4,4,72.0,5.0,,,,,,,1.11,0.63,1.74,1.0,1.63,,,,,,2009-2010
Burnley,27,27.9,,38,418,,,42,25,67,36,6,6,55.0,2.0,,,,,,,1.11,0.66,1.76,0.95,1.61,,,,,,2009-2010
Chelsea,30,28.7,,38,418,,,99,64,163,88,11,12,54.0,5.0,,,,,,,2.61,1.68,4.29,2.32,4.0,,,,,,2009-2010
Everton,28,27.4,,38,418,,,56,33,89,51,5,6,57.0,2.0,,,,,,,1.47,0.87,2.34,1.34,2.21,,,,,,2009-2010
Fulham,29,29.2,,38,418,,,38,21,59,34,4,4,46.0,1.0,,,,,,,1.0,0.55,1.55,0.89,1.45,,,,,,2009-2010
Hull City,30,27.7,,38,418,,,33,16,49,27,6,8,63.0,6.0,,,,,,,0.87,0.42,1.29,0.71,1.13,,,,,,2009-2010
Liverpool,30,26.3,,38,418,,,58,37,95,55,3,3,55.0,5.0,,,,,,,1.53,0.97,2.5,1.45,2.42,,,,,,2009-2010
Manchester City,31,27.0,,38,418,,,73,48,121,68,5,5,49.0,2.0,,,,,,,1.92,1.26,3.18,1.79,3.05,,,,,,2009-2010
Manchester Utd,30,27.8,,38,418,,,74,48,122,68,6,8,48.0,4.0,,,,,,,1.95,1.26,3.21,1.79,3.05,,,,,,2009-2010
Portsmouth,33,28.2,,38,418,,,34,19,53,31,3,6,68.0,5.0,,,,,,,0.89,0.5,1.39,0.82,1.32,,,,,,2009-2010
Stoke City,23,28.5,,38,418,,,32,23,55,30,2,2,62.0,5.0,,,,,,,0.84,0.61,1.45,0.79,1.39,,,,,,2009-2010
Sunderland,28,25.4,,38,418,,,45,28,73,39,6,9,78.0,9.0,,,,,,,1.18,0.74,1.92,1.03,1.76,,,,,,2009-2010
Tottenham,30,25.4,,38,418,,,66,45,111,64,2,3,57.0,1.0,,,,,,,1.74,1.18,2.92,1.68,2.87,,,,,,2009-2010
West Ham,30,26.0,,38,418,,,46,27,73,39,7,9,63.0,3.0,,,,,,,1.21,0.71,1.92,1.03,1.74,,,,,,2009-2010
Wigan Athletic,27,26.3,,38,418,,,36,21,57,35,1,2,63.0,3.0,,,,,,,0.95,0.55,1.5,0.92,1.47,,,,,,2009-2010
Wolves,29,25.9,,38,418,,,28,15,43,26,2,2,61.0,4.0,,,,,,,0.74,0.39,1.13,0.68,1.08,,,,,,2009-2010
Arsenal,28,24.1,,38,418,,,65,48,113,60,5,5,58.0,3.0,,,,,,,1.71,1.26,2.97,1.58,2.84,,,,,,2008-2009
Aston Villa,21,27.1,,38,418,,,48,35,83,44,4,5,53.0,2.0,,,,,,,1.26,0.92,2.18,1.16,2.08,,,,,,2008-2009
Blackburn,28,28.3,,38,418,,,40,28,68,36,4,7,73.0,4.0,,,,,,,1.05,0.74,1.79,0.95,1.68,,,,,,2008-2009
Bolton,24,27.3,,38,418,,,40,28,68,40,0,1,62.0,1.0,,,,,,,1.05,0.74,1.79,1.05,1.79,,,,,,2008-2009
Chelsea,29,27.5,,38,418,,,65,45,110,63,2,2,50.0,2.0,,,,,,,1.71,1.18,2.89,1.66,2.84,,,,,,2008-2009
Everton,25,26.4,,38,417,,,54,38,92,50,4,5,49.0,1.0,,,,,,,1.42,1.0,2.42,1.32,2.32,,,,,,2008-2009
Fulham,26,28.8,,38,418,,,39,24,63,34,5,5,40.0,1.0,,,,,,,1.03,0.63,1.66,0.89,1.53,,,,,,2008-2009
Hull City,29,27.7,,38,418,,,35,17,52,32,3,3,70.0,3.0,,,,,,,0.92,0.45,1.37,0.84,1.29,,,,,,2008-2009
Liverpool,23,26.5,,38,418,,,73,50,123,68,5,6,50.0,0.0,,,,,,,1.92,1.32,3.24,1.79,3.11,,,,,,2008-2009
Manchester City,34,24.5,,38,418,,,56,35,91,50,6,7,49.0,4.0,,,,,,,1.47,0.92,2.39,1.32,2.24,,,,,,2008-2009
Manchester Utd,33,27.1,,38,418,,,68,51,119,64,4,4,61.0,5.0,,,,,,,1.79,1.34,3.13,1.68,3.03,,,,,,2008-2009
Middlesbrough,28,24.5,,38,418,,,26,17,43,25,1,3,54.0,3.0,,,,,,,0.68,0.45,1.13,0.66,1.11,,,,,,2008-2009
Newcastle Utd,29,26.8,,38,417,,,39,23,62,35,4,5,57.0,8.0,,,,,,,1.03,0.61,1.63,0.92,1.53,,,,,,2008-2009
Portsmouth,29,28.6,,38,417,,,36,25,61,34,2,3,57.0,5.0,,,,,,,0.95,0.66,1.61,0.89,1.55,,,,,,2008-2009
Stoke City,29,28.5,,38,418,,,36,23,59,31,5,6,73.0,5.0,,,,,,,0.95,0.61,1.55,0.82,1.42,,,,,,2008-2009
Sunderland,30,26.1,,38,418,,,32,19,51,31,1,1,69.0,1.0,,,,,,,0.84,0.5,1.34,0.82,1.32,,,,,,2008-2009
Tottenham,29,24.9,,38,418,,,43,30,73,40,3,4,54.0,5.0,,,,,,,1.13,0.79,1.92,1.05,1.84,,,,,,2008-2009
West Brom,30,25.2,,38,418,,,34,23,57,31,3,5,66.0,1.0,,,,,,,0.89,0.61,1.5,0.82,1.42,,,,,,2008-2009
West Ham,30,26.6,,38,418,,,41,25,66,40,1,3,66.0,4.0,,,,,,,1.08,0.66,1.74,1.05,1.71,,,,,,2008-2009
Wigan Athletic,29,26.5,,38,418,,,33,15,48,28,5,5,59.0,4.0,,,,,,,0.87,0.39,1.26,0.74,1.13,,,,,,2008-2009
Arsenal,27,24.6,,38,418,,,73,57,130,68,5,6,57.0,3.0,,,,,,,1.92,1.5,3.42,1.79,3.29,,,,,,2007-2008
Aston Villa,22,25.5,,38,418,,,66,42,108,60,6,7,56.0,4.0,,,,,,,1.74,1.11,2.84,1.58,2.68,,,,,,2007-2008
Birmingham City,28,25.3,,38,418,,,44,21,65,38,6,6,68.0,3.0,,,,,,,1.16,0.55,1.71,1.0,1.55,,,,,,2007-2008
Blackburn,22,28.0,,38,418,,,50,32,82,45,5,6,74.0,6.0,,,,,,,1.32,0.84,2.16,1.18,2.03,,,,,,2007-2008
Bolton,31,27.5,,38,417,,,34,22,56,34,0,1,76.0,0.0,,,,,,,0.89,0.58,1.47,0.89,1.47,,,,,,2007-2008
Chelsea,27,27.0,,38,417,,,64,52,116,57,7,7,65.0,5.0,,,,,,,1.68,1.37,3.05,1.5,2.87,,,,,,2007-2008
Derby County,36,27.6,,38,418,,,19,12,31,19,0,0,63.0,1.0,,,,,,,0.5,0.32,0.82,0.5,0.82,,,,,,2007-2008
Everton,23,26.9,,38,420,,,53,30,83,52,1,1,40.0,3.0,,,,,,,1.39,0.79,2.18,1.37,2.16,,,,,,2007-2008
Fulham,33,28.0,,38,418,,,37,17,54,35,2,3,60.0,6.0,,,,,,,0.97,0.45,1.42,0.92,1.37,,,,,,2007-2008
Liverpool,25,26.2,,38,418,,,64,43,107,59,5,5,46.0,1.0,,,,,,,1.68,1.13,2.82,1.55,2.68,,,,,,2007-2008
Manchester City,28,24.5,,38,418,,,42,30,72,40,2,2,51.0,4.0,,,,,,,1.11,0.79,1.89,1.05,1.84,,,,,,2007-2008
Manchester Utd,25,26.7,,38,418,,,78,52,130,72,6,8,51.0,2.0,,,,,,,2.05,1.37,3.42,1.89,3.26,,,,,,2007-2008
Middlesbrough,29,25.7,,38,416,,,43,27,70,41,2,2,86.0,2.0,,,,,,,1.13,0.71,1.84,1.08,1.79,,,,,,2007-2008
Newcastle Utd,26,27.0,,38,419,,,43,27,70,39,4,4,66.0,1.0,,,,,,,1.13,0.71,1.84,1.03,1.74,,,,,,2007-2008
Portsmouth,28,28.2,,38,419,,,46,32,78,42,4,7,58.0,3.0,,,,,,,1.21,0.84,2.05,1.11,1.95,,,,,,2007-2008
Reading,26,27.6,,38,418,,,41,26,67,39,2,4,61.0,5.0,,,,,,,1.08,0.68,1.76,1.03,1.71,,,,,,2007-2008
Sunderland,31,24.9,,38,418,,,36,21,57,35,1,2,67.0,4.0,,,,,,,0.95,0.55,1.5,0.92,1.47,,,,,,2007-2008
Tottenham,30,25.5,,38,418,,,65,35,100,61,4,6,52.0,1.0,,,,,,,1.71,0.92,2.63,1.61,2.53,,,,,,2007-2008
West Ham,28,26.5,,38,418,,,39,29,68,37,2,2,66.0,2.0,,,,,,,1.03,0.76,1.79,0.97,1.74,,,,,,2007-2008
Wigan Athletic,27,27.7,,38,418,,,33,19,52,29,4,5,60.0,4.0,,,,,,,0.87,0.5,1.37,0.76,1.26,,,,,,2007-2008
Arsenal,25,25.1,,38,417,,,60,48,108,50,10,11,51.0,3.0,,,,,,,1.58,1.26,2.84,1.32,2.58,,,,,,2006-2007
Aston Villa,30,25.5,,38,436,,,45,31,76,39,6,8,47.0,1.0,,,,,,,1.18,0.82,2.0,1.03,1.84,,,,,,2006-2007
Blackburn,28,28.2,,38,399,,,49,33,82,44,5,7,81.0,8.0,,,,,,,1.29,0.87,2.16,1.16,2.03,,,,,,2006-2007
Bolton,23,28.2,,38,423,,,45,35,80,39,6,7,84.0,4.0,,,,,,,1.18,0.92,2.11,1.03,1.95,,,,,,2006-2007
Charlton Ath,29,27.1,,38,429,,,32,22,54,28,4,4,60.0,4.0,,,,,,,0.84,0.58,1.42,0.74,1.32,,,,,,2006-2007
Chelsea,26,26.7,,38,418,,,58,49,107,55,3,4,65.0,4.0,,,,,,,1.53,1.29,2.82,1.45,2.74,,,,,,2006-2007
Everton,25,26.9,,38,411,,,50,35,85,42,8,8,70.0,2.0,,,,,,,1.32,0.92,2.24,1.11,2.03,,,,,,2006-2007
Fulham,24,28.2,,38,424,,,36,27,63,33,3,3,60.0,3.0,,,,,,,0.95,0.71,1.66,0.87,1.58,,,,,,2006-2007
Liverpool,28,26.1,,38,419,,,56,44,100,50,6,7,43.0,0.0,,,,,,,1.47,1.16,2.63,1.32,2.47,,,,,,2006-2007
Manchester City,28,26.0,,38,394,,,28,21,49,26,2,4,58.0,4.0,,,,,,,0.74,0.55,1.29,0.68,1.24,,,,,,2006-2007
Manchester Utd,25,27.3,,38,418,,,80,60,140,75,5,6,58.0,1.0,,,,,,,2.11,1.58,3.68,1.97,3.55,,,,,,2006-2007
Middlesbrough,27,25.4,,38,418,,,43,33,76,39,4,5,65.0,2.0,,,,,,,1.13,0.87,2.0,1.03,1.89,,,,,,2006-2007
Newcastle Utd,29,26.1,,38,418,,,38,26,64,33,5,5,69.0,1.0,,,,,,,1.0,0.68,1.68,0.87,1.55,,,,,,2006-2007
Portsmouth,22,28.4,,38,405,,,40,31,71,38,2,3,51.0,1.0,,,,,,,1.05,0.82,1.87,1.0,1.82,,,,,,2006-2007
Reading,23,26.9,,38,418,,,48,38,86,45,3,3,41.0,3.0,,,,,,,1.26,1.0,2.26,1.18,2.18,,,,,,2006-2007
Sheffield Utd,32,26.0,,38,408,,,31,21,52,29,2,4,71.0,2.0,,,,,,,0.82,0.55,1.37,0.76,1.32,,,,,,2006-2007
Tottenham,26,25.1,,38,418,,,56,37,93,51,5,5,51.0,4.0,,,,,,,1.47,0.97,2.45,1.34,2.32,,,,,,2006-2007
Watford,32,25.2,,38,390,,,24,18,42,21,3,3,48.0,2.0,,,,,,,0.63,0.47,1.11,0.55,1.03,,,,,,2006-2007
West Ham,29,25.6,,38,442,,,35,26,61,34,1,3,86.0,2.0,,,,,,,0.92,0.68,1.61,0.89,1.58,,,,,,2006-2007
Wigan Athletic,29,27.7,,38,415,,,37,24,61,34,3,6,81.0,3.0,,,,,,,0.97,0.63,1.61,0.89,1.53,,,,,,2006-2007
Arsenal,27,26.2,,38,418,,,66,46,112,62,4,7,55.0,2.0,,,,,,,1.74,1.21,2.95,1.63,2.84,,,,,,2005-2006
Aston Villa,26,25.2,,38,416,,,41,35,76,40,1,4,63.0,2.0,,,,,,,1.08,0.92,2.0,1.05,1.97,,,,,,2005-2006
Birmingham City,30,28.0,,38,417,,,26,19,45,24,2,2,53.0,7.0,,,,,,,0.68,0.5,1.18,0.63,1.13,,,,,,2005-2006
Blackburn,23,27.9,,38,418,,,49,29,78,45,4,4,78.0,6.0,,,,,,,1.29,0.76,2.05,1.18,1.95,,,,,,2005-2006
Bolton,24,28.0,,38,419,,,47,33,80,45,2,4,64.0,3.0,,,,,,,1.24,0.87,2.11,1.18,2.05,,,,,,2005-2006
Charlton Ath,27,27.9,,38,422,,,41,29,70,37,4,4,44.0,2.0,,,,,,,1.08,0.76,1.84,0.97,1.74,,,,,,2005-2006
Chelsea,25,25.9,,38,418,,,71,50,121,67,4,4,64.0,5.0,,,,,,,1.87,1.32,3.18,1.76,3.08,,,,,,2005-2006
Everton,27,28.0,,38,422,,,32,25,57,31,1,3,66.0,7.0,,,,,,,0.84,0.66,1.5,0.82,1.47,,,,,,2005-2006
Fulham,27,27.9,,38,417,,,47,35,82,43,4,4,65.0,2.0,,,,,,,1.24,0.92,2.16,1.13,2.05,,,,,,2005-2006
Liverpool,22,26.3,,38,415,,,54,42,96,50,4,5,50.0,5.0,,,,,,,1.42,1.11,2.53,1.32,2.42,,,,,,2005-2006
Manchester City,26,27.3,,38,418,,,42,31,73,41,1,2,70.0,4.0,,,,,,,1.11,0.82,1.92,1.08,1.89,,,,,,2005-2006
Manchester Utd,26,26.4,,38,417,,,68,50,118,66,2,3,61.0,2.0,,,,,,,1.79,1.32,3.11,1.74,3.05,,,,,,2005-2006
Middlesbrough,37,26.5,,38,413,,,48,34,82,43,5,5,54.0,3.0,,,,,,,1.26,0.89,2.16,1.13,2.03,,,,,,2005-2006
Newcastle Utd,26,26.7,,38,414,,,45,31,76,40,5,5,64.0,6.0,,,,,,,1.18,0.82,2.0,1.05,1.87,,,,,,2005-2006
Portsmouth,33,26.7,,38,419,,,36,22,58,34,2,2,55.0,1.0,,,,,,,0.95,0.58,1.53,0.89,1.47,,,,,,2005-2006
Sunderland,27,24.8,,38,410,,,24,15,39,22,2,2,69.0,4.0,,,,,,,0.63,0.39,1.03,0.58,0.97,,,,,,2005-2006
Tottenham,25,24.9,,38,414,,,52,38,90,48,4,6,51.0,5.0,,,,,,,1.37,1.0,2.37,1.26,2.26,,,,,,2005-2006
West Brom,29,26.4,,38,418,,,31,18,49,30,1,2,47.0,2.0,,,,,,,0.82,0.47,1.29,0.79,1.26,,,,,,2005-2006
West Ham,28,26.0,,38,415,,,48,29,77,45,3,5,50.0,2.0,,,,,,,1.26,0.76,2.03,1.18,1.95,,,,,,2005-2006
Wigan Athletic,25,28.3,,38,420,,,44,30,74,43,1,1,54.0,4.0,,,,,,,1.16,0.79,1.95,1.13,1.92,,,,,,2005-2006
Arsenal,25,26.2,,38,417,,,86,68,154,83,3,4,46.0,1.0,,,,,,,2.26,1.79,4.05,2.18,3.97,,,,,,2004-2005
Aston Villa,22,25.7,,38,421,,,43,34,77,40,3,6,55.0,2.0,,,,,,,1.13,0.89,2.03,1.05,1.95,,,,,,2004-2005
Birmingham City,26,27.9,,38,417,,,37,24,61,35,2,2,62.0,3.0,,,,,,,0.97,0.63,1.61,0.92,1.55,,,,,,2004-2005
Blackburn,31,27.8,,38,414,,,31,24,55,29,2,3,73.0,5.0,,,,,,,0.82,0.63,1.45,0.76,1.39,,,,,,2004-2005
Bolton,25,28.6,,38,418,,,49,33,82,44,5,6,58.0,2.0,,,,,,,1.29,0.87,2.16,1.16,2.03,,,,,,2004-2005
Charlton Ath,21,28.0,,38,414,,,41,28,69,41,0,0,38.0,4.0,,,,,,,1.08,0.74,1.82,1.08,1.82,,,,,,2004-2005
Chelsea,30,25.2,,38,422,,,71,58,129,66,5,6,49.0,0.0,,,,,,,1.87,1.53,3.39,1.74,3.26,,,,,,2004-2005
Crystal Palace,27,25.7,,38,418,,,43,26,69,33,10,12,58.0,3.0,,,,,,,1.13,0.68,1.82,0.87,1.55,,,,,,2004-2005
Everton,22,28.5,,38,414,,,45,34,79,43,2,3,56.0,4.0,,,,,,,1.18,0.89,2.08,1.13,2.03,,,,,,2004-2005
Fulham,24,27.7,,38,418,,,52,39,91,50,2,4,56.0,7.0,,,,,,,1.37,1.03,2.39,1.32,2.34,,,,,,2004-2005
Liverpool,28,26.2,,38,414,,,49,42,91,46,3,5,46.0,2.0,,,,,,,1.29,1.11,2.39,1.21,2.32,,,,,,2004-2005
Manchester City,25,27.3,,38,418,,,45,33,78,40,5,6,44.0,3.0,,,,,,,1.18,0.87,2.05,1.05,1.92,,,,,,2004-2005
Manchester Utd,24,26.1,,38,416,,,57,45,102,54,3,4,56.0,5.0,,,,,,,1.5,1.18,2.68,1.42,2.61,,,,,,2004-2005
Middlesbrough,27,28.4,,38,418,,,49,39,88,48,1,1,54.0,2.0,,,,,,,1.29,1.03,2.32,1.26,2.29,,,,,,2004-2005
Newcastle Utd,27,25.9,,38,435,,,44,32,76,41,3,3,63.0,5.0,,,,,,,1.16,0.84,2.0,1.08,1.92,,,,,,2004-2005
Norwich City,25,27.6,,38,422,,,41,29,70,38,3,4,36.0,2.0,,,,,,,1.08,0.76,1.84,1.0,1.76,,,,,,2004-2005
Portsmouth,26,27.6,,38,386,,,41,30,71,35,6,6,52.0,2.0,,,,,,,1.08,0.79,1.87,0.92,1.71,,,,,,2004-2005
Southampton,35,28.4,,38,415,,,44,30,74,41,3,3,45.0,2.0,,,,,,,1.16,0.79,1.95,1.08,1.87,,,,,,2004-2005
Tottenham,28,24.7,,38,412,,,47,32,79,46,1,1,55.0,1.0,,,,,,,1.24,0.84,2.08,1.21,2.05,,,,,,2004-2005
West Brom,27,27.1,,38,422,,,34,25,59,32,2,3,41.0,5.0,,,,,,,0.89,0.66,1.55,0.84,1.5,,,,,,2004-2005
Arsenal,22,27.3,,38,419,,,69,52,121,62,7,7,51.0,3.0,,,,,,,1.82,1.37,3.18,1.63,3.0,,,,,,2003-2004
Aston Villa,23,25.7,,38,418,,,48,34,82,44,4,5,52.0,3.0,,,,,,,1.26,0.89,2.16,1.16,2.05,,,,,,2003-2004
Birmingham City,27,27.4,,38,428,,,43,29,72,39,4,5,45.0,5.0,,,,,,,1.13,0.76,1.89,1.03,1.79,,,,,,2003-2004
Blackburn,28,28.2,,38,412,,,52,39,91,52,0,0,58.0,3.0,,,,,,,1.37,1.03,2.39,1.37,2.39,,,,,,2003-2004
Bolton,24,28.5,,38,433,,,47,35,82,46,1,1,63.0,0.0,,,,,,,1.24,0.92,2.16,1.21,2.13,,,,,,2003-2004
Charlton Ath,24,28.4,,38,406,,,50,29,79,44,6,8,35.0,3.0,,,,,,,1.32,0.76,2.08,1.16,1.92,,,,,,2003-2004
Chelsea,27,25.9,,38,438,,,67,58,125,63,4,4,44.0,3.0,,,,,,,1.76,1.53,3.29,1.66,3.18,,,,,,2003-2004
Everton,26,27.3,,38,414,,,42,31,73,41,1,1,53.0,3.0,,,,,,,1.11,0.82,1.92,1.08,1.89,,,,,,2003-2004
Fulham,30,27.1,,38,421,,,52,32,84,50,2,3,59.0,3.0,,,,,,,1.37,0.84,2.21,1.32,2.16,,,,,,2003-2004
Leeds United,29,25.2,,38,404,,,40,28,68,36,4,4,70.0,5.0,,,,,,,1.05,0.74,1.79,0.95,1.68,,,,,,2003-2004
Leicester City,28,29.4,,38,391,,,45,37,82,43,2,3,58.0,8.0,,,,,,,1.18,0.97,2.16,1.13,2.11,,,,,,2003-2004
Liverpool,24,26.0,,38,408,,,53,36,89,45,8,10,46.0,1.0,,,,,,,1.39,0.95,2.34,1.18,2.13,,,,,,2003-2004
Manchester City,24,27.9,,38,418,,,52,37,89,48,4,4,46.0,3.0,,,,,,,1.37,0.97,2.34,1.26,2.24,,,,,,2003-2004
Manchester Utd,22,25.8,,38,418,,,63,54,117,62,1,4,42.0,3.0,,,,,,,1.66,1.42,3.08,1.63,3.05,,,,,,2003-2004
Middlesbrough,27,27.6,,38,418,,,42,28,70,39,3,5,52.0,1.0,,,,,,,1.11,0.74,1.84,1.03,1.76,,,,,,2003-2004
Newcastle Utd,23,25.7,,38,429,,,53,33,86,46,7,10,47.0,3.0,,,,,,,1.39,0.87,2.26,1.21,2.08,,,,,,2003-2004
Portsmouth,32,28.5,,38,433,,,49,31,80,46,3,3,60.0,3.0,,,,,,,1.29,0.82,2.11,1.21,2.03,,,,,,2003-2004
Southampton,27,27.9,,38,403,,,43,27,70,41,2,2,51.0,3.0,,,,,,,1.13,0.71,1.84,1.08,1.79,,,,,,2003-2004
Tottenham,28,26.2,,38,407,,,47,33,80,44,3,3,45.0,0.0,,,,,,,1.24,0.87,2.11,1.16,2.03,,,,,,2003-2004
Wolves,27,29.8,,38,428,,,39,25,64,38,1,4,65.0,2.0,,,,,,,1.03,0.66,1.68,1.0,1.66,,,,,,2003-2004
Arsenal,28,27.8,,38,418,,,84,66,150,79,5,6,47.0,2.0,,,,,,,2.21,1.74,3.95,2.08,3.82,,,,,,2002-2003
Aston Villa,27,26.2,,38,418,,,42,29,71,39,3,4,58.0,4.0,,,,,,,1.11,0.76,1.87,1.03,1.79,,,,,,2002-2003
Birmingham City,33,27.9,,38,418,,,40,26,66,36,4,5,66.0,3.0,,,,,,,1.05,0.68,1.74,0.95,1.63,,,,,,2002-2003
Blackburn,28,27.7,,38,418,,,50,38,88,45,5,6,55.0,4.0,,,,,,,1.32,1.0,2.32,1.18,2.18,,,,,,2002-2003
Bolton,27,29.1,,38,418,,,38,24,62,37,1,2,54.0,3.0,,,,,,,1.0,0.63,1.63,0.97,1.61,,,,,,2002-2003
Charlton Ath,26,27.0,,38,420,,,43,24,67,39,4,5,47.0,1.0,,,,,,,1.13,0.63,1.76,1.03,1.66,,,,,,2002-2003
Chelsea,23,27.8,,38,416,,,67,40,107,64,3,3,54.0,1.0,,,,,,,1.76,1.05,2.82,1.68,2.74,,,,,,2002-2003
Everton,28,27.4,,38,392,,,48,32,80,44,4,4,39.0,5.0,,,,,,,1.26,0.84,2.11,1.16,2.0,,,,,,2002-2003
Fulham,27,27.3,,38,417,,,38,23,61,32,6,7,46.0,6.0,,,,,,,1.0,0.61,1.61,0.84,1.45,,,,,,2002-2003
Leeds United,29,25.8,,38,401,,,54,39,93,50,4,5,62.0,1.0,,,,,,,1.42,1.03,2.45,1.32,2.34,,,,,,2002-2003
Liverpool,23,24.9,,38,418,,,61,49,110,57,4,6,35.0,1.0,,,,,,,1.61,1.29,2.89,1.5,2.79,,,,,,2002-2003
Manchester City,26,27.8,,38,419,,,47,40,87,45,2,2,40.0,5.0,,,,,,,1.24,1.05,2.29,1.18,2.24,,,,,,2002-2003
Manchester Utd,26,27.0,,38,418,,,73,56,129,64,9,9,39.0,1.0,,,,,,,1.92,1.47,3.39,1.68,3.16,,,,,,2002-2003
Middlesbrough,29,26.4,,38,418,,,48,31,79,46,2,3,43.0,4.0,,,,,,,1.26,0.82,2.08,1.21,2.03,,,,,,2002-2003
Newcastle Utd,25,24.9,,38,420,,,63,42,105,60,3,4,40.0,2.0,,,,,,,1.66,1.11,2.76,1.58,2.68,,,,,,2002-2003
Southampton,25,27.2,,38,417,,,42,24,66,36,6,6,33.0,3.0,,,,,,,1.11,0.63,1.74,0.95,1.58,,,,,,2002-2003
Sunderland,34,26.0,,38,413,,,21,16,37,20,1,3,47.0,0.0,,,,,,,0.55,0.42,0.97,0.53,0.95,,,,,,2002-2003
Tottenham,25,28.1,,38,414,,,50,35,85,47,3,3,50.0,4.0,,,,,,,1.32,0.92,2.24,1.24,2.16,,,,,,2002-2003
West Brom,23,27.2,,38,418,,,29,11,40,28,1,1,45.0,4.0,,,,,,,0.76,0.29,1.05,0.74,1.03,,,,,,2002-2003
West Ham,24,27.3,,38,422,,,41,29,70,37,4,5,49.0,4.0,,,,,,,1.08,0.76,1.84,0.97,1.74,,,,,,2002-2003
Arsenal,25,27.3,,38,431,,,79,54,133,73,6,7,77.0,6.0,,,,,,,2.08,1.42,3.5,1.92,3.34,,,,,,2001-2002
Aston Villa,22,27.2,,38,410,,,44,38,82,42,2,2,41.0,2.0,,,,,,,1.16,1.0,2.16,1.11,2.11,,,,,,2001-2002
Blackburn,25,27.2,,38,416,,,54,39,93,53,1,1,57.0,4.0,,,,,,,1.42,1.03,2.45,1.39,2.42,,,,,,2001-2002
Bolton,30,28.5,,38,407,,,42,25,67,42,0,1,57.0,6.0,,,,,,,1.11,0.66,1.76,1.11,1.76,,,,,,2001-2002
Charlton Ath,25,26.6,,38,418,,,36,25,61,36,0,1,63.0,3.0,,,,,,,0.95,0.66,1.61,0.95,1.61,,,,,,2001-2002
Chelsea,25,26.8,,38,411,,,65,43,108,62,3,3,63.0,2.0,,,,,,,1.71,1.13,2.84,1.63,2.76,,,,,,2001-2002
Derby County,32,26.1,,38,409,,,33,23,56,31,2,5,71.0,2.0,,,,,,,0.87,0.61,1.47,0.82,1.42,,,,,,2001-2002
Everton,28,28.0,,38,401,,,44,31,75,41,3,3,58.0,4.0,,,,,,,1.16,0.82,1.97,1.08,1.89,,,,,,2001-2002
Fulham,24,27.7,,38,415,,,35,28,63,34,1,3,53.0,1.0,,,,,,,0.92,0.74,1.66,0.89,1.63,,,,,,2001-2002
Ipswich Town,26,27.2,,38,410,,,41,32,73,40,1,3,42.0,1.0,,,,,,,1.08,0.84,1.92,1.05,1.89,,,,,,2001-2002
Leeds United,21,25.9,,38,433,,,54,46,100,53,1,2,70.0,5.0,,,,,,,1.42,1.21,2.63,1.39,2.61,,,,,,2001-2002
Leicester City,33,27.3,,38,415,,,29,21,50,27,2,4,74.0,3.0,,,,,,,0.76,0.55,1.32,0.71,1.26,,,,,,2001-2002
Liverpool,27,25.5,,38,418,,,63,51,114,62,1,3,45.0,2.0,,,,,,,1.66,1.34,3.0,1.63,2.97,,,,,,2001-2002
Manchester Utd,28,27.5,,38,402,,,81,56,137,76,5,5,53.0,1.0,,,,,,,2.13,1.47,3.61,2.0,3.47,,,,,,2001-2002
Middlesbrough,34,28.1,,38,409,,,33,21,54,31,2,3,54.0,7.0,,,,,,,0.87,0.55,1.42,0.82,1.37,,,,,,2001-2002
Newcastle Utd,22,25.5,,38,390,,,72,53,125,67,5,7,48.0,2.0,,,,,,,1.89,1.39,3.29,1.76,3.16,,,,,,2001-2002
Southampton,29,27.5,,38,390,,,42,30,72,38,4,4,33.0,3.0,,,,,,,1.11,0.79,1.89,1.0,1.79,,,,,,2001-2002
Sunderland,25,26.6,,38,415,,,29,19,48,28,1,3,66.0,1.0,,,,,,,0.76,0.5,1.26,0.74,1.24,,,,,,2001-2002
Tottenham,24,28.7,,38,411,,,48,33,81,45,3,3,59.0,4.0,,,,,,,1.26,0.87,2.13,1.18,2.05,,,,,,2001-2002
West Ham,28,27.4,,38,419,,,48,34,82,44,4,5,67.0,3.0,,,,,,,1.26,0.89,2.16,1.16,2.05,,,,,,2001-2002
Arsenal,26,28.3,,38,418,,,62,52,114,61,1,2,48.0,3.0,,,,,,,1.63,1.37,3.0,1.61,2.97,,,,,,2000-2001
Aston Villa,23,28.0,,38,419,,,46,35,81,45,1,1,64.0,3.0,,,,,,,1.21,0.92,2.13,1.18,2.11,,,,,,2000-2001
Bradford City,27,30.4,,38,366,,,26,17,43,23,3,5,58.0,1.0,,,,,,,0.68,0.45,1.13,0.61,1.05,,,,,,2000-2001
Charlton Ath,27,26.8,,38,418,,,47,33,80,44,3,3,47.0,2.0,,,,,,,1.24,0.87,2.11,1.16,2.03,,,,,,2000-2001
Chelsea,26,28.1,,38,411,,,67,49,116,63,4,4,75.0,2.0,,,,,,,1.76,1.29,3.05,1.66,2.95,,,,,,2000-2001
Coventry City,28,25.7,,38,418,,,33,22,55,30,3,3,76.0,2.0,,,,,,,0.87,0.58,1.45,0.79,1.37,,,,,,2000-2001
Derby County,31,25.2,,38,415,,,36,24,60,34,2,3,79.0,3.0,,,,,,,0.95,0.63,1.58,0.89,1.53,,,,,,2000-2001
Everton,31,27.0,,38,414,,,45,28,73,40,5,7,78.0,4.0,,,,,,,1.18,0.74,1.92,1.05,1.79,,,,,,2000-2001
Ipswich Town,23,26.4,,38,438,,,56,39,95,53,3,3,32.0,2.0,,,,,,,1.47,1.03,2.5,1.39,2.42,,,,,,2000-2001
Leeds United,24,24.6,,38,425,,,63,44,107,60,3,4,72.0,3.0,,,,,,,1.66,1.16,2.82,1.58,2.74,,,,,,2000-2001
Leicester City,29,27.3,,38,425,,,39,31,70,36,3,3,57.0,2.0,,,,,,,1.03,0.82,1.84,0.95,1.76,,,,,,2000-2001
Liverpool,24,25.4,,38,415,,,70,48,118,67,3,4,53.0,4.0,,,,,,,1.84,1.26,3.11,1.76,3.03,,,,,,2000-2001
Manchester City,30,26.1,,38,434,,,38,28,66,36,2,2,68.0,3.0,,,,,,,1.0,0.74,1.74,0.95,1.68,,,,,,2000-2001
Manchester Utd,28,26.9,,38,418,,,77,60,137,75,2,3,44.0,3.0,,,,,,,2.03,1.58,3.61,1.97,3.55,,,,,,2000-2001
Middlesbrough,27,29.4,,38,438,,,43,25,68,40,3,3,73.0,6.0,,,,,,,1.13,0.66,1.79,1.05,1.71,,,,,,2000-2001
Newcastle Utd,28,25.8,,38,424,,,42,27,69,37,5,7,48.0,5.0,,,,,,,1.11,0.71,1.82,0.97,1.68,,,,,,2000-2001
Southampton,24,27.2,,38,433,,,40,28,68,40,0,0,49.0,1.0,,,,,,,1.05,0.74,1.79,1.05,1.79,,,,,,2000-2001
Sunderland,27,26.4,,38,395,,,46,32,78,44,2,4,78.0,5.0,,,,,,,1.21,0.84,2.05,1.16,2.0,,,,,,2000-2001
Tottenham,29,26.3,,38,418,,,46,31,77,43,3,4,47.0,3.0,,,,,,,1.21,0.82,2.03,1.13,1.95,,,,,,2000-2001
West Ham,34,27.0,,38,409,,,45,30,75,41,4,4,70.0,2.0,,,,,,,1.18,0.79,1.97,1.08,1.87,,,,,,2000-2001
Arsenal,28,28.3,,38,417,,,71,49,120,68,3,5,61.0,5.0,,,,,,,1.87,1.29,3.16,1.79,3.08,,,,,,1999-2000
Aston Villa,25,26.5,,38,420,,,48,41,89,45,3,5,58.0,1.0,,,,,,,1.26,1.08,2.34,1.18,2.26,,,,,,1999-2000
Bradford City,25,29.8,,38,418,,,37,21,58,32,5,5,49.0,1.0,,,,,,,0.97,0.55,1.53,0.84,1.39,,,,,,1999-2000
Chelsea,27,28.9,,38,434,,,48,45,93,47,1,1,54.0,4.0,,,,,,,1.26,1.18,2.45,1.24,2.42,,,,,,1999-2000
Coventry City,29,27.1,,38,412,,,46,32,78,41,5,5,49.0,1.0,,,,,,,1.21,0.84,2.05,1.08,1.92,,,,,,1999-2000
Derby County,31,26.2,,38,418,,,42,28,70,40,2,4,84.0,4.0,,,,,,,1.11,0.74,1.84,1.05,1.79,,,,,,1999-2000
Everton,28,27.8,,38,437,,,58,48,106,52,6,7,50.0,5.0,,,,,,,1.53,1.26,2.79,1.37,2.63,,,,,,1999-2000
Leeds United,20,24.1,,38,417,,,57,36,93,53,4,6,72.0,3.0,,,,,,,1.5,0.95,2.45,1.39,2.34,,,,,,1999-2000
Leicester City,26,27.8,,38,417,,,53,34,87,50,3,3,39.0,3.0,,,,,,,1.39,0.89,2.29,1.32,2.21,,,,,,1999-2000
Liverpool,23,24.3,,38,418,,,50,30,80,47,3,5,55.0,4.0,,,,,,,1.32,0.79,2.11,1.24,2.03,,,,,,1999-2000
Manchester Utd,29,26.8,,38,417,,,94,69,163,91,3,5,38.0,4.0,,,,,,,2.47,1.82,4.29,2.39,4.21,,,,,,1999-2000
Middlesbrough,28,28.5,,38,418,,,44,26,70,38,6,9,75.0,3.0,,,,,,,1.16,0.68,1.84,1.0,1.68,,,,,,1999-2000
Newcastle Utd,32,26.8,,38,418,,,60,43,103,54,6,6,43.0,1.0,,,,,,,1.58,1.13,2.71,1.42,2.55,,,,,,1999-2000
Sheffield Weds,23,28.4,,38,399,,,34,24,58,31,3,4,40.0,1.0,,,,,,,0.89,0.63,1.53,0.82,1.45,,,,,,1999-2000
Southampton,28,27.0,,38,402,,,42,32,74,41,1,1,62.0,5.0,,,,,,,1.11,0.84,1.95,1.08,1.92,,,,,,1999-2000
Sunderland,27,26.9,,38,417,,,57,39,96,51,6,8,66.0,3.0,,,,,,,1.5,1.03,2.53,1.34,2.37,,,,,,1999-2000
Tottenham,28,26.7,,38,418,,,55,40,95,54,1,1,75.0,1.0,,,,,,,1.45,1.05,2.5,1.42,2.47,,,,,,1999-2000
Watford,31,26.2,,38,419,,,35,28,63,33,2,2,60.0,2.0,,,,,,,0.92,0.74,1.66,0.87,1.61,,,,,,1999-2000
West Ham,28,26.8,,38,419,,,51,42,93,49,2,2,61.0,6.0,,,,,,,1.34,1.11,2.45,1.29,2.39,,,,,,1999-2000
Wimbledon,26,26.7,,38,418,,,44,33,77,43,1,1,43.0,4.0,,,,,,,1.16,0.87,2.03,1.13,2.0,,,,,,1999-2000
Arsenal,26,28.3,,38,418,,,58,42,100,56,2,4,71.0,7.0,,,,,,,1.53,1.11,2.63,1.47,2.58,,,,,,1998-1999
Aston Villa,24,26.1,,38,436,,,50,32,82,48,2,4,60.0,2.0,,,,,,,1.32,0.84,2.16,1.26,2.11,,,,,,1998-1999
Blackburn,30,25.5,,38,411,,,34,28,62,32,2,4,77.0,6.0,,,,,,,0.89,0.74,1.63,0.84,1.58,,,,,,1998-1999
Charlton Ath,27,27.5,,38,418,,,39,24,63,35,4,6,59.0,3.0,,,,,,,1.03,0.63,1.66,0.92,1.55,,,,,,1998-1999
Chelsea,26,28.5,,38,419,,,56,38,94,53,3,4,88.0,4.0,,,,,,,1.47,1.0,2.47,1.39,2.39,,,,,,1998-1999
Coventry City,28,27.1,,38,416,,,39,26,65,37,2,2,70.0,1.0,,,,,,,1.03,0.68,1.71,0.97,1.66,,,,,,1998-1999
Derby County,29,26.1,,38,417,,,40,26,66,36,4,6,76.0,1.0,,,,,,,1.05,0.68,1.74,0.95,1.63,,,,,,1998-1999
Everton,34,25.2,,38,436,,,44,28,72,41,3,6,90.0,5.0,,,,,,,1.16,0.74,1.89,1.08,1.82,,,,,,1998-1999
Leeds United,24,24.9,,38,424,,,61,38,99,59,2,3,79.0,1.0,,,,,,,1.61,1.0,2.61,1.55,2.55,,,,,,1998-1999
Leicester City,24,27.4,,38,424,,,40,32,72,38,2,3,51.0,1.0,,,,,,,1.05,0.84,1.89,1.0,1.84,,,,,,1998-1999
Liverpool,24,25.7,,38,412,,,68,43,111,61,7,7,67.0,3.0,,,,,,,1.79,1.13,2.92,1.61,2.74,,,,,,1998-1999
Manchester Utd,23,26.5,,38,419,,,78,62,140,76,2,4,58.0,3.0,,,,,,,2.05,1.63,3.68,2.0,3.63,,,,,,1998-1999
Middlesbrough,29,28.4,,38,417,,,47,30,77,46,1,1,55.0,4.0,,,,,,,1.24,0.79,2.03,1.21,2.0,,,,,,1998-1999
Newcastle Utd,31,25.6,,38,399,,,47,26,73,41,6,7,79.0,2.0,,,,,,,1.24,0.68,1.92,1.08,1.76,,,,,,1998-1999
Nott'ham Forest,32,27.1,,38,417,,,35,23,58,33,2,2,85.0,6.0,,,,,,,0.92,0.61,1.53,0.87,1.47,,,,,,1998-1999
Sheffield Weds,30,27.6,,38,409,,,39,29,68,38,1,2,47.0,4.0,,,,,,,1.03,0.76,1.79,1.0,1.76,,,,,,1998-1999
Southampton,30,27.7,,38,394,,,35,27,62,34,1,1,75.0,2.0,,,,,,,0.92,0.71,1.63,0.89,1.61,,,,,,1998-1999
Tottenham,28,26.5,,38,424,,,48,33,81,46,2,3,68.0,5.0,,,,,,,1.26,0.87,2.13,1.21,2.08,,,,,,1998-1999
West Ham,28,26.3,,38,417,,,48,32,80,47,1,1,80.0,4.0,,,,,,,1.26,0.84,2.11,1.24,2.08,,,,,,1998-1999
Wimbledon,23,26.9,,38,418,,,40,33,73,39,1,1,57.0,1.0,,,,,,,1.05,0.87,1.92,1.03,1.89,,,,,,1998-1999
Arsenal,26,28.2,,38,415,,,66,56,122,61,5,6,72.0,4.0,,,,,,,1.74,1.47,3.21,1.61,3.08,,,,,,1997-1998
Aston Villa,21,25.8,,38,416,,,49,39,88,46,3,4,45.0,2.0,,,,,,,1.29,1.03,2.32,1.21,2.24,,,,,,1997-1998
Barnsley,26,26.2,,38,387,,,37,18,55,34,3,5,68.0,5.0,,,,,,,0.97,0.47,1.45,0.89,1.37,,,,,,1997-1998
Blackburn,23,26.9,,38,410,,,55,54,109,53,2,2,58.0,4.0,,,,,,,1.45,1.42,2.87,1.39,2.82,,,,,,1997-1998
Bolton,28,28.0,,38,433,,,41,33,74,38,3,3,68.0,5.0,,,,,,,1.08,0.87,1.95,1.0,1.87,,,,,,1997-1998
Chelsea,28,27.9,,38,416,,,67,66,133,61,6,6,68.0,3.0,,,,,,,1.76,1.74,3.5,1.61,3.34,,,,,,1997-1998
Coventry City,24,27.2,,38,398,,,46,32,78,41,5,7,70.0,5.0,,,,,,,1.21,0.84,2.05,1.08,1.92,,,,,,1997-1998
Crystal Palace,35,25.7,,38,389,,,35,27,62,34,1,2,72.0,3.0,,,,,,,0.92,0.71,1.63,0.89,1.61,,,,,,1997-1998
Derby County,27,25.5,,38,416,,,52,36,88,47,5,6,80.0,2.0,,,,,,,1.37,0.95,2.32,1.24,2.18,,,,,,1997-1998
Everton,33,25.8,,38,401,,,38,30,68,38,0,0,77.0,5.0,,,,,,,1.0,0.79,1.79,1.0,1.79,,,,,,1997-1998
Leeds United,22,25.7,,38,418,,,52,43,95,51,1,2,76.0,5.0,,,,,,,1.37,1.13,2.5,1.34,2.47,,,,,,1997-1998
Leicester City,22,26.6,,38,418,,,51,40,91,47,4,4,43.0,2.0,,,,,,,1.34,1.05,2.39,1.24,2.29,,,,,,1997-1998
Liverpool,24,25.4,,38,416,,,68,57,125,64,4,5,52.0,2.0,,,,,,,1.79,1.5,3.29,1.68,3.18,,,,,,1997-1998
Manchester Utd,29,26.3,,38,418,,,68,57,125,65,3,6,61.0,1.0,,,,,,,1.79,1.5,3.29,1.71,3.21,,,,,,1997-1998
Newcastle Utd,26,27.2,,38,411,,,35,25,60,34,1,2,61.0,3.0,,,,,,,0.92,0.66,1.58,0.89,1.55,,,,,,1997-1998
Sheffield Weds,33,27.7,,38,430,,,51,44,95,48,3,3,68.0,4.0,,,,,,,1.34,1.16,2.5,1.26,2.42,,,,,,1997-1998
Southampton,30,27.6,,38,413,,,48,37,85,43,5,5,58.0,4.0,,,,,,,1.26,0.97,2.24,1.13,2.11,,,,,,1997-1998
Tottenham,28,27.3,,38,415,,,44,39,83,44,0,2,56.0,2.0,,,,,,,1.16,1.03,2.18,1.16,2.18,,,,,,1997-1998
West Ham,28,25.3,,38,413,,,53,42,95,52,1,1,62.0,5.0,,,,,,,1.39,1.11,2.5,1.37,2.47,,,,,,1997-1998
Wimbledon,26,26.5,,38,429,,,32,29,61,31,1,1,56.0,2.0,,,,,,,0.84,0.76,1.61,0.82,1.58,,,,,,1997-1998
Arsenal,28,29.3,,38,402,,,59,36,95,51,8,8,74.0,4.0,,,,,,,1.55,0.95,2.5,1.34,2.29,,,,,,1996-1997
Aston Villa,21,25.4,,38,418,,,46,32,78,42,4,5,51.0,0.0,,,,,,,1.21,0.84,2.05,1.11,1.95,,,,,,1996-1997
Blackburn,25,27.0,,38,422,,,42,36,78,40,2,3,72.0,1.0,,,,,,,1.11,0.95,2.05,1.05,2.0,,,,,,1996-1997
Chelsea,30,28.1,,38,414,,,56,47,103,52,4,5,81.0,1.0,,,,,,,1.47,1.24,2.71,1.37,2.61,,,,,,1996-1997
Coventry City,25,28.0,,38,411,,,36,29,65,33,3,3,64.0,4.0,,,,,,,0.95,0.76,1.71,0.87,1.63,,,,,,1996-1997
Derby County,25,26.1,,38,414,,,42,34,76,39,3,4,60.0,1.0,,,,,,,1.11,0.89,2.0,1.03,1.92,,,,,,1996-1997
Everton,26,27.1,,38,430,,,45,36,81,41,4,6,56.0,2.0,,,,,,,1.18,0.95,2.13,1.08,2.03,,,,,,1996-1997
Leeds United,30,26.9,,38,403,,,27,22,49,27,0,1,89.0,1.0,,,,,,,0.71,0.58,1.29,0.71,1.29,,,,,,1996-1997
Leicester City,24,26.4,,38,424,,,44,29,73,41,3,6,68.0,1.0,,,,,,,1.16,0.76,1.92,1.08,1.84,,,,,,1996-1997
Liverpool,23,26.2,,38,412,,,58,48,106,56,2,3,51.0,1.0,,,,,,,1.53,1.26,2.79,1.47,2.74,,,,,,1996-1997
Manchester Utd,23,25.8,,38,413,,,70,47,117,66,4,6,71.0,1.0,,,,,,,1.84,1.24,3.08,1.74,2.97,,,,,,1996-1997
Middlesbrough,30,26.2,,38,403,,,50,29,79,45,5,8,90.0,3.0,,,,,,,1.32,0.76,2.08,1.18,1.95,,,,,,1996-1997
Newcastle Utd,19,27.3,,38,400,,,72,48,120,67,5,7,74.0,1.0,,,,,,,1.89,1.26,3.16,1.76,3.03,,,,,,1996-1997
Nott'ham Forest,29,27.9,,38,415,,,31,22,53,29,2,3,67.0,1.0,,,,,,,0.82,0.58,1.39,0.76,1.34,,,,,,1996-1997
Sheffield Weds,24,26.6,,38,418,,,50,29,79,48,2,4,52.0,2.0,,,,,,,1.32,0.76,2.08,1.26,2.03,,,,,,1996-1997
Southampton,31,26.0,,38,416,,,47,37,84,41,6,7,79.0,6.0,,,,,,,1.24,0.97,2.21,1.08,2.05,,,,,,1996-1997
Sunderland,25,28.3,,38,369,,,32,22,54,28,4,6,50.0,5.0,,,,,,,0.84,0.58,1.42,0.74,1.32,,,,,,1996-1997
Tottenham,26,26.7,,38,415,,,43,32,75,41,2,3,70.0,1.0,,,,,,,1.13,0.84,1.97,1.08,1.92,,,,,,1996-1997
West Ham,31,27.9,,38,412,,,40,35,75,35,5,6,70.0,2.0,,,,,,,1.05,0.92,1.97,0.92,1.84,,,,,,1996-1997
Wimbledon,24,26.6,,38,418,,,48,36,84,48,0,1,51.0,1.0,,,,,,,1.26,0.95,2.21,1.26,2.21,,,,,,1996-1997
Arsenal,25,28.8,,38,418,,,49,35,84,46,3,5,62.0,2.0,,,,,,,1.29,0.92,2.21,1.21,2.13,,,,,,1995-1996
Aston Villa,24,25.3,,38,415,,,49,37,86,47,2,2,46.0,2.0,,,,,,,1.29,0.97,2.26,1.24,2.21,,,,,,1995-1996
Blackburn,26,26.6,,38,427,,,60,45,105,57,3,3,66.0,4.0,,,,,,,1.58,1.18,2.76,1.5,2.68,,,,,,1995-1996
Bolton,28,27.1,,38,418,,,39,27,66,36,3,3,64.0,3.0,,,,,,,1.03,0.71,1.74,0.95,1.66,,,,,,1995-1996
Chelsea,25,27.5,,38,434,,,45,34,79,42,3,4,65.0,3.0,,,,,,,1.18,0.89,2.08,1.11,2.0,,,,,,1995-1996
Coventry City,26,27.1,,38,422,,,42,31,73,41,1,2,62.0,3.0,,,,,,,1.11,0.82,1.92,1.08,1.89,,,,,,1995-1996
Everton,24,27.7,,38,423,,,63,45,108,59,4,4,64.0,3.0,,,,,,,1.66,1.18,2.84,1.55,2.74,,,,,,1995-1996
Leeds United,31,27.1,,38,403,,,38,28,66,36,2,3,59.0,4.0,,,,,,,1.0,0.74,1.74,0.95,1.68,,,,,,1995-1996
Liverpool,19,25.7,,38,421,,,68,54,122,67,1,1,39.0,0.0,,,,,,,1.79,1.42,3.21,1.76,3.18,,,,,,1995-1996
Manchester City,27,26.1,,38,386,,,33,26,59,32,1,2,67.0,6.0,,,,,,,0.87,0.68,1.55,0.84,1.53,,,,,,1995-1996
Manchester Utd,23,25.5,,38,422,,,72,62,134,68,4,4,50.0,3.0,,,,,,,1.89,1.63,3.53,1.79,3.42,,,,,,1995-1996
Middlesbrough,30,26.0,,38,418,,,34,27,61,31,3,4,72.0,3.0,,,,,,,0.89,0.71,1.61,0.82,1.53,,,,,,1995-1996
Newcastle Utd,21,27.0,,38,401,,,68,54,122,65,3,4,47.0,1.0,,,,,,,1.79,1.42,3.21,1.71,3.13,,,,,,1995-1996
Nott'ham Forest,22,26.0,,38,407,,,48,35,83,45,3,3,46.0,2.0,,,,,,,1.26,0.92,2.18,1.18,2.11,,,,,,1995-1996
QPR,27,26.2,,38,419,,,37,33,70,37,0,1,75.0,4.0,,,,,,,0.97,0.87,1.84,0.97,1.84,,,,,,1995-1996
Sheffield Weds,28,27.9,,38,401,,,48,37,85,44,4,4,37.0,1.0,,,,,,,1.26,0.97,2.24,1.16,2.13,,,,,,1995-1996
Southampton,25,26.2,,38,417,,,33,21,54,29,4,4,62.0,2.0,,,,,,,0.87,0.55,1.42,0.76,1.32,,,,,,1995-1996
Tottenham,23,27.4,,38,424,,,47,38,85,45,2,2,52.0,0.0,,,,,,,1.24,1.0,2.24,1.18,2.18,,,,,,1995-1996
West Ham,31,28.2,,38,422,,,43,29,72,38,5,6,51.0,4.0,,,,,,,1.13,0.76,1.89,1.0,1.76,,,,,,1995-1996
Wimbledon,30,27.0,,38,421,,,54,39,93,52,2,2,55.0,7.0,,,,,,,1.42,1.03,2.45,1.37,2.39,,,,,,1995-1996
Arsenal,30,27.7,,42,471,,,54,41,95,51,3,4,60.0,4.0,,,,,,,1.29,0.98,2.26,1.21,2.19,,,,,,1994-1995
Aston Villa,24,27.4,,42,423,,,48,39,87,47,1,1,59.0,3.0,,,,,,,1.14,0.93,2.07,1.12,2.05,,,,,,1994-1995
Blackburn,21,25.5,,42,482,,,78,58,136,68,10,12,50.0,4.0,,,,,,,1.86,1.38,3.24,1.62,3.0,,,,,,1994-1995
Chelsea,23,26.4,,42,456,,,47,39,86,46,1,2,56.0,3.0,,,,,,,1.12,0.93,2.05,1.1,2.02,,,,,,1994-1995
Coventry City,28,27.8,,42,500,,,42,36,78,37,5,5,52.0,3.0,,,,,,,1.0,0.86,1.86,0.88,1.74,,,,,,1994-1995
Crystal Palace,24,25.5,,42,436,,,33,22,55,32,1,3,56.0,1.0,,,,,,,0.79,0.52,1.31,0.76,1.29,,,,,,1994-1995
Everton,26,27.0,,42,466,,,43,39,82,42,1,3,70.0,6.0,,,,,,,1.02,0.93,1.95,1.0,1.93,,,,,,1994-1995
Ipswich Town,32,28.1,,42,405,,,27,21,48,24,3,3,51.0,2.0,,,,,,,0.64,0.5,1.14,0.57,1.07,,,,,,1994-1995
Leeds United,20,26.8,,42,458,,,56,46,102,53,3,4,70.0,0.0,,,,,,,1.33,1.1,2.43,1.26,2.36,,,,,,1994-1995
Leicester City,30,26.2,,42,467,,,46,27,73,46,0,1,62.0,8.0,,,,,,,1.1,0.64,1.74,1.1,1.74,,,,,,1994-1995
Liverpool,21,25.4,,42,463,,,60,46,106,55,5,6,43.0,1.0,,,,,,,1.43,1.1,2.52,1.31,2.4,,,,,,1994-1995
Manchester City,26,26.8,,42,459,,,53,46,99,52,1,2,62.0,5.0,,,,,,,1.26,1.1,2.36,1.24,2.33,,,,,,1994-1995
Manchester Utd,24,26.8,,42,460,,,76,58,134,72,4,4,59.0,3.0,,,,,,,1.81,1.38,3.19,1.71,3.1,,,,,,1994-1995
Newcastle Utd,22,26.4,,42,463,,,66,54,120,62,4,5,48.0,4.0,,,,,,,1.57,1.29,2.86,1.48,2.76,,,,,,1994-1995
Norwich City,24,25.8,,42,445,,,31,27,58,29,2,3,68.0,1.0,,,,,,,0.74,0.64,1.38,0.69,1.33,,,,,,1994-1995
Nott'ham Forest,20,25.7,,42,462,,,71,68,139,66,5,6,58.0,1.0,,,,,,,1.69,1.62,3.31,1.57,3.19,,,,,,1994-1995
QPR,22,26.8,,42,461,,,60,47,107,60,0,1,70.0,4.0,,,,,,,1.43,1.12,2.55,1.43,2.55,,,,,,1994-1995
Sheffield Weds,24,26.8,,42,463,,,48,34,82,47,1,2,54.0,2.0,,,,,,,1.14,0.81,1.95,1.12,1.93,,,,,,1994-1995
Southampton,26,25.6,,42,441,,,61,36,97,58,3,3,70.0,0.0,,,,,,,1.45,0.86,2.31,1.38,2.24,,,,,,1994-1995
Tottenham,24,26.0,,42,458,,,62,49,111,60,2,3,46.0,2.0,,,,,,,1.48,1.17,2.64,1.43,2.6,,,,,,1994-1995
West Ham,26,28.0,,42,461,,,44,32,76,39,5,5,66.0,4.0,,,,,,,1.05,0.76,1.81,0.93,1.69,,,,,,1994-1995
Wimbledon,25,26.7,,42,414,,,40,34,74,37,3,4,70.0,6.0,,,,,,,0.95,0.81,1.76,0.88,1.69,,,,,,1994-1995
Arsenal,22,27.5,,42,452,,,50,27,77,46,4,5,34.0,1.0,,,,,,,1.19,0.64,1.83,1.1,1.74,,,,,,1993-1994
Aston Villa,25,27.4,,42,458,,,45,28,73,42,3,3,22.0,1.0,,,,,,,1.07,0.67,1.74,1.0,1.67,,,,,,1993-1994
Blackburn,22,25.4,,42,481,,,63,42,105,60,3,4,29.0,0.0,,,,,,,1.5,1.0,2.5,1.43,2.43,,,,,,1993-1994
Chelsea,25,25.7,,42,481,,,51,28,79,48,3,5,27.0,2.0,,,,,,,1.21,0.67,1.88,1.14,1.81,,,,,,1993-1994
Coventry City,27,26.1,,42,466,,,43,25,68,40,3,5,14.0,0.0,,,,,,,1.02,0.6,1.62,0.95,1.55,,,,,,1993-1994
Everton,22,27.6,,42,467,,,43,23,66,40,3,4,34.0,0.0,,,,,,,1.02,0.55,1.57,0.95,1.5,,,,,,1993-1994
Ipswich Town,21,27.9,,42,441,,,31,19,50,29,2,3,24.0,0.0,,,,,,,0.74,0.45,1.19,0.69,1.14,,,,,,1993-1994
Leeds United,24,26.3,,42,468,,,63,38,101,62,1,2,36.0,0.0,,,,,,,1.5,0.9,2.4,1.48,2.38,,,,,,1993-1994
Liverpool,23,26.5,,42,465,,,54,35,89,49,5,7,31.0,1.0,,,,,,,1.29,0.83,2.12,1.17,2.0,,,,,,1993-1994
Manchester City,31,26.0,,42,433,,,35,15,50,34,1,2,34.0,0.0,,,,,,,0.83,0.36,1.19,0.81,1.17,,,,,,1993-1994
Manchester Utd,23,27.1,,42,468,,,79,55,134,76,3,3,31.0,2.0,,,,,,,1.88,1.31,3.19,1.81,3.12,,,,,,1993-1994
Newcastle Utd,25,25.9,,42,440,,,80,50,130,71,9,10,21.0,1.0,,,,,,,1.9,1.19,3.1,1.69,2.88,,,,,,1993-1994
Norwich City,24,27.1,,42,470,,,64,39,103,63,1,1,25.0,2.0,,,,,,,1.52,0.93,2.45,1.5,2.43,,,,,,1993-1994
Oldham Athletic,26,26.2,,42,453,,,40,25,65,39,1,2,32.0,4.0,,,,,,,0.95,0.6,1.55,0.93,1.52,,,,,,1993-1994
QPR,22,27.3,,42,461,,,60,37,97,55,5,6,27.0,3.0,,,,,,,1.43,0.88,2.31,1.31,2.19,,,,,,1993-1994
Sheffield Utd,27,26.3,,42,447,,,41,26,67,41,0,0,38.0,4.0,,,,,,,0.98,0.62,1.6,0.98,1.6,,,,,,1993-1994
Sheffield Weds,26,26.8,,42,450,,,71,47,118,69,2,3,21.0,2.0,,,,,,,1.69,1.12,2.81,1.64,2.76,,,,,,1993-1994
Southampton,29,27.0,,42,438,,,50,30,80,43,7,7,40.0,1.0,,,,,,,1.19,0.71,1.9,1.02,1.74,,,,,,1993-1994
Swindon Town,24,27.4,,42,464,,,45,28,73,38,7,8,38.0,1.0,,,,,,,1.07,0.67,1.74,0.9,1.57,,,,,,1993-1994
Tottenham,30,25.3,,42,485,,,53,31,84,51,2,4,23.0,1.0,,,,,,,1.26,0.74,2.0,1.21,1.95,,,,,,1993-1994
West Ham,24,28.4,,42,424,,,44,29,73,42,2,3,22.0,1.0,,,,,,,1.05,0.69,1.74,1.0,1.69,,,,,,1993-1994
Wimbledon,24,26.4,,42,440,,,49,28,77,48,1,2,38.0,0.0,,,,,,,1.17,0.67,1.83,1.14,1.81,,,,,,1993-1994
Arsenal,29,26.4,,42,462,,,40,34,74,40,0,0,34.0,1.0,,,,,,,0.95,0.81,1.76,0.95,1.76,,,,,,1992-1993
Aston Villa,24,26.9,,42,462,,,56,41,97,54,2,3,23.0,0.0,,,,,,,1.33,0.98,2.31,1.29,2.26,,,,,,1992-1993
Blackburn,24,26.0,,42,480,,,66,52,118,63,3,4,37.0,3.0,,,,,,,1.57,1.24,2.81,1.5,2.74,,,,,,1992-1993
Chelsea,31,26.3,,42,452,,,50,40,90,49,1,1,41.0,2.0,,,,,,,1.19,0.95,2.14,1.17,2.12,,,,,,1992-1993
Coventry City,29,26.4,,42,453,,,48,27,75,46,2,3,31.0,1.0,,,,,,,1.14,0.64,1.79,1.1,1.74,,,,,,1992-1993
Crystal Palace,23,25.1,,42,457,,,45,30,75,45,0,1,27.0,3.0,,,,,,,1.07,0.71,1.79,1.07,1.79,,,,,,1992-1993
Everton,26,27.9,,42,462,,,51,33,84,47,4,4,26.0,3.0,,,,,,,1.21,0.79,2.0,1.12,1.9,,,,,,1992-1993
Ipswich Town,22,27.5,,42,462,,,50,29,79,46,4,5,31.0,1.0,,,,,,,1.19,0.69,1.88,1.1,1.79,,,,,,1992-1993
Leeds United,30,27.0,,42,461,,,55,35,90,50,5,5,40.0,0.0,,,,,,,1.31,0.83,2.14,1.19,2.02,,,,,,1992-1993
Liverpool,25,25.7,,42,462,,,61,45,106,53,8,9,26.0,3.0,,,,,,,1.45,1.07,2.52,1.26,2.33,,,,,,1992-1993
Manchester City,23,26.3,,42,461,,,53,42,95,50,3,4,43.0,1.0,,,,,,,1.26,1.0,2.26,1.19,2.19,,,,,,1992-1993
Manchester Utd,20,26.6,,42,461,,,66,35,101,64,2,2,28.0,0.0,,,,,,,1.57,0.83,2.4,1.52,2.36,,,,,,1992-1993
Middlesbrough,26,26.5,,42,468,,,49,39,88,48,1,2,42.0,2.0,,,,,,,1.17,0.93,2.1,1.14,2.07,,,,,,1992-1993
Norwich City,20,26.4,,42,455,,,58,43,101,55,3,4,19.0,0.0,,,,,,,1.38,1.02,2.4,1.31,2.33,,,,,,1992-1993
Nott'ham Forest,23,25.1,,42,458,,,41,30,71,37,4,5,22.0,1.0,,,,,,,0.98,0.71,1.69,0.88,1.6,,,,,,1992-1993
Oldham Athletic,24,25.5,,42,466,,,61,42,103,60,1,2,35.0,0.0,,,,,,,1.45,1.0,2.45,1.43,2.43,,,,,,1992-1993
QPR,23,26.6,,42,455,,,61,45,106,58,3,4,30.0,0.0,,,,,,,1.45,1.07,2.52,1.38,2.45,,,,,,1992-1993
Sheffield Utd,23,25.8,,42,440,,,50,36,86,49,1,2,53.0,4.0,,,,,,,1.19,0.86,2.05,1.17,2.02,,,,,,1992-1993
Sheffield Weds,25,27.8,,42,463,,,54,40,94,51,3,3,31.0,1.0,,,,,,,1.29,0.95,2.24,1.21,2.17,,,,,,1992-1993
Southampton,25,26.3,,42,455,,,54,38,92,52,2,2,51.0,3.0,,,,,,,1.29,0.9,2.19,1.24,2.14,,,,,,1992-1993
Tottenham,31,24.9,,42,454,,,58,33,91,58,0,0,36.0,1.0,,,,,,,1.38,0.79,2.17,1.38,2.17,,,,,,1992-1993
Wimbledon,27,25.9,,42,452,,,54,40,94,52,2,3,48.0,3.0,,,,,,,1.29,0.95,2.24,1.24,2.19,,,,,,1992-1993
